,pokedex_number,name,attack,defense,height_m,hp,sp_attack,sp_defense,speed,weight_kg,Friccion,sp_attackdef,sp_defensedef,speeddef,PoderPuchamon,is_legendary
0,1,Bulbasaur,49,49,0.7,45,65,65,45,6.9,0.76,65.76,65.76,45.76,64.63,0
1,2,Ivysaur,62,63,1.0,60,80,80,60,13.0,1.4,81.4,81.4,61.4,82.95,0
2,3,Venusaur,100,123,2.0,80,122,120,80,100.0,10.2,132.2,130.2,90.2,133.15,0
3,4,Charmander,52,43,0.6,39,60,50,65,8.5,0.9099999999999999,60.91,50.91,65.91,63.455,0
4,5,Charmeleon,64,58,1.1,58,80,65,80,19.0,2.0100000000000002,82.01,67.01,82.01,83.755,0
5,6,Charizard,104,78,1.7,78,159,115,100,90.5,9.22,168.22,124.22,109.22,130.70999999999998,0
6,7,Squirtle,48,65,0.5,44,50,64,43,9.0,0.95,50.95,64.95,43.95,65.425,0
7,8,Wartortle,63,80,1.0,59,65,80,58,22.5,2.35,67.35,82.35,60.35,85.025,0
8,9,Blastoise,103,120,1.6,79,135,115,78,85.5,8.709999999999999,143.71,123.71,86.71,132.955,0
9,10,Caterpie,30,35,0.3,45,20,20,45,2.9,0.31999999999999995,20.32,20.32,45.32,42.660000000000004,0
10,11,Metapod,20,55,0.7,50,25,25,30,9.9,1.06,26.06,26.06,31.06,45.279999999999994,0
11,12,Butterfree,45,50,1.1,60,90,80,70,32.0,3.31,93.31,83.31,73.31,79.905,0
12,13,Weedle,35,30,0.3,40,20,20,50,3.2,0.35,20.35,20.35,50.35,42.425,0
13,14,Kakuna,25,50,0.6,45,25,25,35,10.0,1.06,26.06,26.06,36.06,45.029999999999994,0
14,15,Beedrill,150,40,1.0,65,15,80,145,29.5,3.05,18.05,83.05,148.05,108.525,0
15,16,Pidgey,45,40,0.3,40,35,35,56,1.8,0.21000000000000002,35.21,35.21,56.21,53.05499999999999,0
16,17,Pidgeotto,60,55,1.1,63,50,50,71,30.0,3.1100000000000003,53.11,53.11,74.11,75.255,0
17,18,Pidgeot,80,80,1.5,83,135,80,121,39.5,4.1,139.1,84.1,125.1,119.25,0
18,19,Rattata,56,35,1.5,30,25,35,72,39.5,4.1,29.1,39.1,76.1,55.7,0
19,20,Raticate,71,70,0.3,75,40,80,77,3.5,0.38,40.38,80.38,77.38,87.59,0
20,21,Spearow,60,30,0.3,40,31,31,70,2.0,0.22999999999999998,31.23,31.23,70.23,55.915000000000006,0
21,22,Fearow,90,65,1.2,65,61,61,100,38.0,3.9200000000000004,64.92,64.92,103.92,95.26,0
22,23,Ekans,60,44,2.0,35,40,54,55,6.9,0.89,40.89,54.89,55.89,60.294999999999995,0
23,24,Arbok,95,69,3.5,60,65,79,80,65.0,6.85,71.85,85.85,86.85,97.025,0
24,25,Pikachu,55,40,0.4,35,50,50,90,6.0,0.64,50.64,50.64,90.64,65.82000000000001,0
25,26,Raichu,85,50,0.4,60,95,85,110,6.0,0.64,95.64,85.64,110.64,98.07000000000001,0
26,27,Sandshrew,75,90,0.8,50,10,35,40,30.0,3.08,13.08,38.08,43.08,70.03999999999999,0
27,28,Sandslash,100,120,0.6,75,25,65,65,12.0,1.26,26.26,66.26,66.26,100.88,0
28,29,Nidoran♀,47,52,0.4,55,40,40,41,7.0,0.74,40.74,40.74,41.74,59.07000000000001,0
29,30,Nidorina,62,67,0.8,70,55,55,56,20.0,2.08,57.08,57.08,58.08,78.49,0
30,31,Nidoqueen,92,87,1.3,90,75,85,76,60.0,6.13,81.13,91.13,82.13,109.51499999999999,0
31,32,Nidoran♂,57,40,0.5,46,40,40,50,9.0,0.95,40.95,40.95,50.95,58.225,0
32,33,Nidorino,72,57,0.9,61,55,55,65,19.5,2.04,57.04,57.04,67.04,78.02,0
33,34,Nidoking,102,77,1.4,81,85,75,85,62.0,6.34,91.34,81.34,91.34,109.17,0
34,35,Clefairy,45,48,0.6,70,60,65,35,7.5,0.8099999999999999,60.81,65.81,35.81,66.905,0
35,36,Clefable,70,73,1.3,95,95,90,60,40.0,4.13,99.13,94.13,64.13,101.31499999999998,0
36,37,Vulpix,41,40,1.3,38,50,65,65,40.0,4.13,54.13,69.13,69.13,62.065,0
37,38,Ninetales,67,75,0.6,73,81,100,109,9.9,1.05,82.05,101.05,110.05,103.225,0
38,39,Jigglypuff,45,20,0.5,115,45,25,20,5.5,0.6,45.6,25.6,20.6,59.8,0
39,40,Wigglytuff,70,45,1.0,140,85,50,45,12.0,1.3,86.3,51.3,46.3,93.65,0
40,41,Zubat,45,35,0.8,40,30,40,55,7.5,0.8300000000000001,30.83,40.83,55.83,51.915,0
41,42,Golbat,80,70,1.6,75,65,75,90,55.0,5.66,70.66,80.66,95.66,98.08,0
42,43,Oddish,50,55,0.5,45,75,65,30,5.4,0.5900000000000001,75.59,65.59,30.59,64.79499999999999,0
43,44,Gloom,65,70,0.8,60,85,75,40,8.6,0.9400000000000001,85.94,75.94,40.94,81.22,0
44,45,Vileplume,80,85,1.2,75,110,90,50,18.6,1.98,111.98,91.98,51.98,100.99000000000001,0
45,46,Paras,70,55,0.3,35,45,55,25,5.4,0.5700000000000001,45.57,55.57,25.57,60.285000000000004,0
46,47,Parasect,95,80,1.0,60,60,80,30,29.5,3.05,63.05,83.05,33.05,87.275,0
47,48,Venonat,55,50,1.0,60,40,55,45,30.0,3.1,43.1,58.1,48.1,66.05,0
48,49,Venomoth,65,60,1.5,70,90,75,90,12.5,1.4,91.4,76.4,91.4,92.2,0
49,50,Diglett,55,30,1.5,10,35,45,90,12.5,1.4,36.4,46.4,91.4,54.45,0
50,51,Dugtrio,100,60,0.2,35,50,70,110,0.8,0.1,50.1,70.1,110.1,88.8,0
51,52,Meowth,35,35,0.7,40,50,40,90,33.3,3.4,53.4,43.4,93.4,60.7,0
52,53,Persian,60,60,0.4,65,75,65,115,4.2,0.4600000000000001,75.46,65.46,115.46,90.48,0
53,54,Psyduck,52,48,0.8,50,65,50,55,19.6,2.04,67.04,52.04,57.04,66.77000000000001,0
54,55,Golduck,82,78,1.7,80,95,80,85,76.6,7.83,102.83,87.83,92.83,107.165,0
55,56,Mankey,80,35,0.5,40,35,45,70,28.0,2.85,37.85,47.85,72.85,66.175,0
56,57,Primeape,105,60,1.0,65,60,70,95,32.0,3.3,63.3,73.3,98.3,97.65,0
57,58,Growlithe,70,45,0.7,55,70,50,60,19.0,1.97,71.97,51.97,61.97,73.48500000000001,0
58,59,Arcanine,110,80,1.9,90,100,80,95,155.0,15.690000000000001,115.69,95.69,110.69,123.84499999999998,0
59,60,Poliwag,50,40,0.6,40,40,40,90,12.4,1.3,41.3,41.3,91.3,63.15,0
60,61,Poliwhirl,65,65,1.0,65,50,50,90,20.0,2.1,52.1,52.1,92.1,82.8,0
61,62,Poliwrath,95,95,1.3,90,70,90,70,54.0,5.529999999999999,75.53,95.53,75.53,110.76499999999999,0
62,63,Abra,20,15,0.9,25,105,55,90,19.5,2.04,107.04,57.04,92.04,58.02,0
63,64,Kadabra,35,30,1.3,40,120,70,105,56.5,5.779999999999999,125.78,75.78,110.78,78.64000000000001,0
64,65,Alakazam,50,65,1.5,55,175,105,150,48.0,4.95,179.95,109.95,154.95,116.975,0
65,66,Machop,80,50,0.8,70,35,35,35,19.5,2.0300000000000002,37.03,37.03,37.03,68.51499999999999,0
66,67,Machoke,100,70,1.5,80,50,60,45,70.5,7.2,57.2,67.2,52.2,91.6,0
67,68,Machamp,130,80,1.6,90,65,85,55,130.0,13.16,78.16,98.16,68.16,115.08,0
68,69,Bellsprout,75,35,0.7,50,70,30,40,4.0,0.47000000000000003,70.47,30.47,40.47,63.23499999999999,0
69,70,Weepinbell,90,50,1.0,65,85,45,55,6.4,0.74,85.74,45.74,55.74,82.12,0
70,71,Victreebel,105,65,1.7,80,100,70,70,15.5,1.72,101.72,71.72,71.72,102.85999999999999,0
71,72,Tentacool,40,35,0.9,40,50,100,70,45.5,4.64,54.64,104.64,74.64,67.57000000000001,0
72,73,Tentacruel,70,65,1.6,80,80,120,100,55.0,5.66,85.66,125.66,105.66,106.58,0
73,74,Geodude,80,100,1.6,40,30,30,20,55.0,5.66,35.66,35.66,25.66,70.83000000000001,0
74,75,Graveler,95,115,0.4,55,45,45,35,20.0,2.04,47.04,47.04,37.04,87.77,0
75,76,Golem,120,130,1.0,80,55,65,45,105.0,10.6,65.6,75.6,55.6,114.8,0
76,77,Ponyta,85,55,1.0,50,65,65,90,30.0,3.1,68.1,68.1,93.1,86.55,0
77,78,Rapidash,100,70,1.7,65,80,80,105,95.0,9.67,89.67,89.67,114.67,108.585,0
78,79,Slowpoke,65,65,1.2,90,40,40,15,36.0,3.72,43.72,43.72,18.72,71.86000000000001,0
79,80,Slowbro,75,180,1.6,95,130,80,30,78.5,8.01,138.01,88.01,38.01,129.005,0
80,81,Magnemite,35,70,0.3,25,95,55,45,6.0,0.63,95.63,55.63,45.63,64.315,0
81,82,Magneton,60,95,1.0,50,120,70,70,60.0,6.1,126.1,76.1,76.1,96.8,0
82,83,Farfetch'd,90,55,0.8,52,58,62,60,15.0,1.58,59.58,63.58,61.58,80.03999999999999,0
83,84,Doduo,85,45,1.4,35,35,35,75,39.2,4.0600000000000005,39.06,39.06,79.06,68.78,0
84,85,Dodrio,110,70,1.8,60,60,60,110,85.2,8.7,68.7,68.7,118.7,104.35,0
85,86,Seel,45,55,1.1,65,45,70,45,90.0,9.11,54.11,79.11,54.11,72.05499999999999,0
86,87,Dewgong,70,80,1.7,90,70,95,70,120.0,12.17,82.17,107.17,82.17,104.835,0
87,88,Grimer,80,50,1.7,80,40,50,25,120.0,12.17,52.17,62.17,37.17,77.08500000000001,0
88,89,Muk,105,75,0.9,105,65,100,50,30.0,3.09,68.09,103.09,53.09,107.545,0
89,90,Shellder,65,100,0.3,30,45,25,40,4.0,0.43,45.43,25.43,40.43,67.465,0
90,91,Cloyster,95,180,1.5,50,85,45,70,132.5,13.4,98.4,58.4,83.4,121.45,0
91,92,Gastly,35,30,1.3,30,100,35,80,0.1,0.14,100.14,35.14,80.14,60.07000000000001,0
92,93,Haunter,50,45,1.6,45,115,55,95,0.1,0.17,115.17,55.17,95.17,79.58500000000001,0
93,94,Gengar,65,80,1.5,60,170,95,130,40.5,4.2,174.2,99.2,134.2,119.1,0
94,95,Onix,45,160,8.8,35,30,45,70,210.0,21.880000000000003,51.88,66.88,91.88,96.19000000000001,0
95,96,Drowzee,48,45,1.0,60,43,90,42,32.4,3.34,46.34,93.34,45.34,68.27000000000001,0
96,97,Hypno,73,70,1.6,85,73,115,67,75.6,7.719999999999999,80.72,122.72,74.72,102.46000000000001,0
97,98,Krabby,105,90,0.4,30,25,25,50,6.5,0.6900000000000001,25.69,25.69,50.69,74.095,0
98,99,Kingler,130,115,1.3,55,50,50,75,60.0,6.13,56.13,56.13,81.13,108.06500000000001,0
99,100,Voltorb,30,50,0.5,40,55,55,100,10.4,1.09,56.09,56.09,101.09,67.045,0
100,101,Electrode,50,70,1.2,60,80,80,150,66.6,6.779999999999999,86.78,86.78,156.78,102.39000000000001,0
101,102,Exeggcute,40,80,0.4,60,60,45,40,2.5,0.29,60.29,45.29,40.29,68.895,0
102,103,Exeggutor,105,85,0.4,95,125,75,45,2.5,0.29,125.29,75.29,45.29,110.39499999999998,0
103,104,Cubone,50,95,0.4,50,40,50,35,6.5,0.6900000000000001,40.69,50.69,35.69,69.595,0
104,105,Marowak,80,110,0.4,60,50,80,45,6.5,0.6900000000000001,50.69,80.69,45.69,91.345,0
105,106,Hitmonlee,120,53,1.5,50,35,110,87,49.8,5.13,40.13,115.13,92.13,97.465,0
106,107,Hitmonchan,105,79,1.4,50,35,110,76,50.2,5.16,40.16,115.16,81.16,98.03,0
107,108,Lickitung,55,75,1.2,90,60,75,30,65.5,6.67,66.67,81.67,36.67,84.58500000000001,0
108,109,Koffing,65,95,0.6,40,60,45,35,1.0,0.16,60.16,45.16,35.16,72.83,0
109,110,Weezing,90,120,1.2,65,85,70,60,9.5,1.0699999999999998,86.07,71.07,61.07,104.53500000000001,0
110,111,Rhyhorn,85,95,1.0,80,30,30,25,115.0,11.6,41.6,41.6,36.6,84.8,0
111,112,Rhydon,130,120,1.9,105,45,45,40,120.0,12.190000000000001,57.19,57.19,52.19,116.34499999999998,0
112,113,Chansey,5,5,1.1,250,35,105,50,34.6,3.5700000000000003,38.57,108.57,53.57,97.785,0
113,114,Tangela,55,115,1.0,65,100,40,60,35.0,3.6,103.6,43.6,63.6,93.55,0
114,115,Kangaskhan,125,100,2.2,105,60,100,100,80.0,8.22,68.22,108.22,108.22,130.61,0
115,116,Horsea,40,70,0.4,30,70,25,60,8.0,0.8400000000000001,70.84,25.84,60.84,61.67,0
116,117,Seadra,65,95,1.2,55,95,45,85,25.0,2.62,97.62,47.62,87.62,93.06,0
117,118,Goldeen,67,60,0.6,45,35,50,63,15.0,1.56,36.56,51.56,64.56,69.13000000000001,0
118,119,Seaking,92,65,1.3,80,65,80,68,39.0,4.029999999999999,69.03,84.03,72.03,96.61499999999998,0
119,120,Staryu,45,55,0.8,30,70,55,85,34.5,3.53,73.53,58.53,88.53,70.01500000000001,0
120,121,Starmie,75,85,1.1,60,100,85,115,80.0,8.11,108.11,93.11,123.11,109.80499999999999,0
121,122,Mr. Mime,45,65,1.3,40,100,120,90,54.5,5.58,105.58,125.58,95.58,91.28999999999999,0
122,123,Scyther,110,80,1.5,70,55,80,105,56.0,5.75,60.75,85.75,110.75,109.125,0
123,124,Jynx,50,35,1.4,65,115,95,95,40.6,4.2,119.2,99.2,99.2,90.1,0
124,125,Electabuzz,83,57,1.1,65,95,85,105,30.0,3.1100000000000003,98.11,88.11,108.11,100.80499999999999,0
125,126,Magmar,95,57,1.3,65,100,85,93,44.5,4.58,104.58,89.58,97.58,102.89000000000001,0
126,127,Pinsir,155,120,1.5,65,65,90,105,55.0,5.65,70.65,95.65,110.65,132.075,0
127,128,Tauros,100,95,1.4,75,40,70,110,88.4,8.98,48.980000000000004,78.98,118.98,110.49000000000001,0
128,129,Magikarp,10,55,0.9,20,15,20,80,10.0,1.09,16.09,21.09,81.09,43.045,0
129,130,Gyarados,155,109,6.5,95,70,130,81,235.0,24.15,94.15,154.15,105.15,148.02499999999998,0
130,131,Lapras,85,80,2.5,130,85,95,60,220.0,22.25,107.25,117.25,82.25,123.875,0
131,132,Ditto,48,48,0.3,48,48,48,48,4.0,0.43,48.43,48.43,48.43,60.214999999999996,0
132,133,Eevee,55,50,0.3,55,45,65,55,6.5,0.6799999999999999,45.68,65.68,55.68,67.84,0
133,134,Vaporeon,65,60,1.0,130,110,95,65,29.0,3.0,113.0,98.0,68.0,109.0,0
134,135,Jolteon,65,60,0.8,65,110,95,130,24.5,2.5300000000000002,112.53,97.53,132.53,105.51500000000001,0
135,136,Flareon,130,60,0.9,65,95,110,65,25.0,2.59,97.59,112.59,67.59,108.795,0
136,137,Porygon,60,70,0.8,65,85,75,40,36.5,3.7299999999999995,88.73,78.73,43.73,82.61500000000001,0
137,138,Omanyte,40,100,0.4,35,90,55,35,7.5,0.79,90.79,55.79,35.79,72.895,0
138,139,Omastar,60,125,1.0,70,115,70,55,35.0,3.6,118.6,73.6,58.6,104.3,0
139,140,Kabuto,80,90,0.5,30,55,45,55,11.5,1.2,56.2,46.2,56.2,76.6,0
140,141,Kabutops,115,105,1.3,60,65,70,80,40.5,4.18,69.18,74.18,84.18,108.34,0
141,142,Aerodactyl,135,85,1.8,80,70,95,150,59.0,6.08,76.08,101.08,156.08,132.79000000000002,0
142,143,Snorlax,110,65,2.1,160,65,110,30,460.0,46.21,111.21000000000001,156.21,76.21000000000001,139.10500000000002,0
143,144,Articuno,85,100,1.7,90,95,125,85,55.4,5.71,100.71,130.71,90.71,121.60500000000002,1
144,145,Zapdos,90,85,1.6,90,125,90,100,52.6,5.42,130.42,95.42,105.42,121.21,1
145,146,Moltres,100,90,2.0,90,125,85,90,60.0,6.2,131.2,91.2,96.2,122.6,1
146,147,Dratini,64,45,1.8,41,50,50,50,3.3,0.51,50.51,50.51,50.51,62.754999999999995,0
147,148,Dragonair,84,65,4.0,61,70,70,70,16.5,2.05,72.05,72.05,72.05,88.525,0
148,149,Dragonite,134,95,2.2,91,100,100,80,210.0,21.22,121.22,121.22,101.22,136.60999999999999,0
149,150,Mewtwo,150,70,2.0,106,194,120,140,122.0,12.4,206.4,132.4,152.4,162.79999999999998,1
150,151,Mew,100,100,0.4,100,100,100,100,4.0,0.44000000000000006,100.44,100.44,100.44,125.21999999999998,1
151,152,Chikorita,49,65,0.9,45,49,65,45,6.4,0.7300000000000001,49.73,65.73,45.73,66.215,0
152,153,Bayleef,62,80,1.2,60,63,80,60,15.8,1.7,64.7,81.7,61.7,84.79999999999998,0
153,154,Meganium,82,100,1.8,80,83,100,80,100.5,10.23,93.23,110.23,90.23,114.06500000000001,0
154,155,Cyndaquil,52,43,0.5,39,60,50,65,7.9,0.8400000000000001,60.84,50.84,65.84,63.42,0
155,156,Quilava,64,58,0.9,58,80,65,80,19.0,1.9899999999999998,81.99,66.99,81.99,83.745,0
156,157,Typhlosion,84,78,1.7,78,109,85,100,79.5,8.120000000000001,117.12,93.12,108.12,113.16000000000001,0
157,158,Totodile,65,64,0.6,50,44,48,43,9.5,1.01,45.01,49.01,44.01,67.655,0
158,159,Croconaw,80,80,1.1,65,59,63,58,25.0,2.6100000000000003,61.61,65.61,60.61,87.455,0
159,160,Feraligatr,105,100,2.3,85,79,83,78,88.8,9.11,88.11,92.11,87.11,116.955,0
160,161,Sentret,46,34,0.8,35,35,45,20,6.0,0.6799999999999999,35.68,45.68,20.68,45.089999999999996,0
161,162,Furret,76,64,1.8,85,45,55,90,32.5,3.4299999999999997,48.43,58.43,93.43,90.965,0
162,163,Hoothoot,30,30,0.7,60,36,56,50,21.2,2.19,38.19,58.19,52.19,54.894999999999996,0
163,164,Noctowl,50,50,1.6,100,86,96,70,40.8,4.24,90.24,100.24,74.24,93.42,0
164,165,Ledyba,20,30,1.0,40,40,80,55,10.8,1.1800000000000002,41.18,81.18,56.18,52.089999999999996,0
165,166,Ledian,35,50,1.4,55,55,110,85,35.6,3.7,58.7,113.7,88.7,78.6,0
166,167,Spinarak,60,40,0.5,40,40,40,30,8.5,0.9,40.9,40.9,30.9,53.45,0
167,168,Ariados,90,70,1.1,70,60,70,40,33.5,3.46,63.46,73.46,43.46,86.73,0
168,169,Crobat,90,80,1.8,85,70,80,130,75.0,7.68,77.68,87.68,137.68,116.09,0
169,170,Chinchou,38,38,0.5,75,56,56,67,12.0,1.25,57.25,57.25,68.25,68.575,0
170,171,Lanturn,58,58,1.2,125,76,76,67,22.5,2.37,78.37,78.37,69.37,97.63500000000002,0
171,172,Pichu,40,15,0.3,20,35,35,60,2.0,0.22999999999999998,35.23,35.23,60.23,41.364999999999995,0
172,173,Cleffa,25,28,0.3,50,45,55,15,3.0,0.32999999999999996,45.33,55.33,15.33,43.915000000000006,0
173,174,Igglybuff,30,15,0.3,90,40,20,15,1.0,0.13,40.13,20.13,15.13,45.815,0
174,175,Togepi,20,65,0.3,35,40,65,20,1.5,0.18,40.18,65.18,20.18,49.839999999999996,0
175,176,Togetic,40,85,0.6,55,80,105,40,3.2,0.38,80.38,105.38,40.38,80.93999999999998,0
176,177,Natu,50,45,0.2,40,70,45,70,2.0,0.22000000000000003,70.22,45.22,70.22,65.10999999999999,0
177,178,Xatu,75,70,1.5,65,95,70,95,15.0,1.65,96.65,71.65,96.65,97.075,0
178,179,Mareep,40,40,0.6,55,65,45,35,7.8,0.8400000000000001,65.84,45.84,35.84,57.67,0
179,180,Flaaffy,55,55,0.8,70,80,60,45,13.3,1.4100000000000001,81.41,61.41,46.41,75.705,0
180,181,Ampharos,95,105,1.4,90,165,110,45,61.5,6.29,171.29,116.29,51.29,125.89499999999998,0
181,182,Bellossom,80,95,0.4,75,90,100,50,5.8,0.62,90.62,100.62,50.62,101.31000000000002,0
182,183,Marill,20,50,0.4,70,20,50,40,8.5,0.89,20.89,50.89,40.89,53.94499999999999,0
183,184,Azumarill,50,80,0.8,100,60,80,50,28.5,2.93,62.93,82.93,52.93,89.965,0
184,185,Sudowoodo,100,115,1.2,70,30,65,30,38.0,3.9200000000000004,33.92,68.92,33.92,93.46000000000001,0
185,186,Politoed,75,75,1.1,90,90,100,70,33.9,3.5,93.5,103.5,73.5,104.25,0
186,187,Hoppip,35,40,0.4,35,35,55,50,0.5,0.09,35.09,55.09,50.09,51.045,0
187,188,Skiploom,45,50,0.6,55,45,65,80,1.0,0.16,45.16,65.16,80.16,70.08,0
188,189,Jumpluff,55,70,0.8,75,55,95,110,3.0,0.38,55.38,95.38,110.38,94.69000000000001,0
189,190,Aipom,70,55,0.8,55,40,55,85,11.5,1.23,41.23,56.23,86.23,76.86500000000001,0
190,191,Sunkern,30,30,0.3,30,30,30,30,1.8,0.21000000000000002,30.21,30.21,30.21,37.605000000000004,0
191,192,Sunflora,75,55,0.8,75,105,85,30,8.5,0.93,105.93,85.93,30.93,86.215,0
192,193,Yanma,65,45,1.2,65,75,45,95,38.0,3.9200000000000004,78.92,48.92,98.92,82.71000000000001,0
193,194,Wooper,45,45,0.4,55,25,25,15,8.5,0.89,25.89,25.89,15.89,47.19499999999999,0
194,195,Quagsire,85,85,1.4,95,65,65,35,75.0,7.640000000000001,72.64,72.64,42.64,96.57000000000001,0
195,196,Espeon,65,60,0.9,65,130,95,110,26.5,2.7399999999999998,132.74,97.74,112.74,104.62,0
196,197,Umbreon,65,110,1.0,95,60,130,65,27.0,2.8,62.8,132.8,67.8,110.4,0
197,198,Murkrow,85,42,0.5,60,85,42,91,2.1,0.26,85.26,42.26,91.26,84.13,0
198,199,Slowking,75,80,2.0,95,100,110,30,79.5,8.15,108.15,118.15,38.15,104.075,0
199,200,Misdreavus,60,60,0.7,60,85,85,85,1.0,0.16999999999999998,85.17,85.17,85.17,87.58500000000001,0
200,201,Unown,72,48,0.5,48,72,48,48,5.0,0.55,72.55,48.55,48.55,69.87500000000001,0
201,202,Wobbuffet,33,58,1.3,190,33,58,33,28.5,2.98,35.98,60.98,35.98,91.99000000000001,0
202,203,Girafarig,80,65,1.5,70,90,65,85,41.5,4.3,94.3,69.3,89.3,96.15,0
203,204,Pineco,65,90,0.6,50,35,35,15,7.2,0.78,35.78,35.78,15.78,65.13999999999999,0
204,205,Forretress,90,140,1.2,75,60,60,40,125.8,12.7,72.7,72.7,52.7,108.6,0
205,206,Dunsparce,70,70,1.5,100,65,65,45,14.0,1.55,66.55,66.55,46.55,89.275,0
206,207,Gligar,75,105,1.1,65,35,65,85,64.8,6.589999999999999,41.589999999999996,71.59,91.59,96.545,0
207,208,Steelix,125,230,9.2,75,55,95,30,400.0,40.92,95.92,135.92000000000002,70.92,156.46,0
208,209,Snubbull,80,50,0.6,60,40,40,30,7.8,0.8400000000000001,40.84,40.84,30.84,65.91999999999999,0
209,210,Granbull,120,75,1.4,90,60,60,45,48.7,5.01,65.01,65.01,50.01,100.755,0
210,211,Qwilfish,95,85,0.5,65,55,55,85,3.9,0.44000000000000006,55.44,55.44,85.44,94.97,0
211,212,Scizor,150,140,1.8,70,65,100,75,118.0,11.98,76.98,111.98,86.98,135.74,0
212,213,Shuckle,10,230,0.6,20,10,230,5,20.5,2.1100000000000003,12.11,232.11,7.11,103.05499999999999,0
213,214,Heracross,185,115,1.5,80,40,105,75,54.0,5.55,45.55,110.55,80.55,134.525,0
214,215,Sneasel,95,55,0.9,55,35,75,115,28.0,2.8899999999999997,37.89,77.89,117.89,92.19500000000001,0
215,216,Teddiursa,80,50,0.6,60,50,50,40,8.8,0.9400000000000001,50.94,50.94,40.94,70.97,0
216,217,Ursaring,130,75,1.8,90,75,75,55,125.8,12.76,87.76,87.76,67.76,113.63,0
217,218,Slugma,40,40,0.7,40,70,40,20,35.0,3.5700000000000003,73.57,43.57,23.57,52.285000000000004,0
218,219,Magcargo,50,120,0.8,60,90,80,30,55.0,5.58,95.58,85.58,35.58,91.78999999999999,0
219,220,Swinub,50,40,0.4,50,30,30,50,6.5,0.6900000000000001,30.69,30.69,50.69,54.345000000000006,0
220,221,Piloswine,100,80,1.1,100,60,60,50,55.8,5.6899999999999995,65.69,65.69,55.69,100.845,0
221,222,Corsola,55,95,0.6,65,65,95,35,5.0,0.5599999999999999,65.56,95.56,35.56,85.03,0
222,223,Remoraid,65,35,0.6,35,65,35,65,12.0,1.26,66.26,36.26,66.26,62.379999999999995,0
223,224,Octillery,105,75,0.9,75,105,75,45,28.5,2.94,107.94,77.94,47.94,101.22,0
224,225,Delibird,55,45,0.9,45,65,45,75,16.0,1.69,66.69,46.69,76.69,68.595,0
225,226,Mantine,40,70,2.1,85,80,140,70,220.0,22.21,102.21000000000001,162.21,92.21000000000001,106.85500000000002,0
226,227,Skarmory,80,140,1.7,65,40,70,70,50.5,5.220000000000001,45.22,75.22,75.22,104.36000000000001,0
227,228,Houndour,60,30,0.6,45,80,50,65,10.8,1.1400000000000001,81.14,51.14,66.14,66.82000000000001,0
228,229,Houndoom,90,90,1.4,75,140,90,115,35.0,3.6399999999999997,143.64,93.64,118.64,123.07000000000001,0
229,230,Kingdra,95,95,1.8,75,95,95,85,152.0,15.38,110.38,110.38,100.38,119.43999999999998,0
230,231,Phanpy,60,60,0.5,90,40,40,40,33.5,3.4,43.4,43.4,43.4,74.2,0
231,232,Donphan,120,120,1.1,90,60,60,50,120.0,12.11,72.11,72.11,62.11,116.55499999999999,0
232,233,Porygon2,80,90,0.6,85,105,95,60,32.5,3.31,108.31,98.31,63.31,107.40500000000002,0
233,234,Stantler,95,62,1.4,73,85,65,85,71.2,7.260000000000001,92.26,72.26,92.26,100.63,0
234,235,Smeargle,20,35,1.2,55,20,45,75,58.0,5.92,25.92,50.92,80.92,55.21,0
235,236,Tyrogue,35,35,0.7,35,35,35,35,21.0,2.17,37.17,37.17,37.17,44.835,0
236,237,Hitmontop,95,95,1.4,50,35,110,70,48.0,4.9399999999999995,39.94,114.94,74.94,98.22,0
237,238,Smoochum,30,15,0.4,45,85,65,65,6.0,0.64,85.64,65.64,65.64,58.32000000000001,0
238,239,Elekid,63,37,0.6,45,65,55,95,23.5,2.41,67.41,57.41,97.41,74.455,0
239,240,Magby,75,37,0.7,45,70,55,83,21.4,2.21,72.21,57.21,85.21,75.705,0
240,241,Miltank,80,105,1.2,95,40,70,100,75.5,7.67,47.67,77.67,107.67,110.335,0
241,242,Blissey,10,10,1.5,255,75,135,55,46.8,4.83,79.83,139.83,59.83,113.665,0
242,243,Raikou,85,75,1.9,90,115,100,115,178.0,17.990000000000002,132.99,117.99000000000001,132.99,126.745,1
243,244,Entei,115,85,2.1,115,90,75,100,198.0,20.009999999999998,110.00999999999999,95.00999999999999,120.00999999999999,133.505,1
244,245,Suicune,75,115,2.0,100,90,115,85,187.0,18.9,108.9,133.9,103.9,129.7,1
245,246,Larvitar,64,50,0.6,50,45,50,41,72.0,7.26,52.26,57.26,48.26,67.08,0
246,247,Pupitar,84,70,1.2,70,65,70,51,152.0,15.319999999999999,80.32,85.32,66.32,94.11,0
247,248,Tyranitar,164,150,2.0,100,95,120,71,202.0,20.4,115.4,140.4,91.4,160.14999999999998,0
248,249,Lugia,90,130,5.2,106,90,154,110,216.0,22.119999999999997,112.12,176.12,132.12,151.16000000000003,1
249,250,Ho-Oh,130,90,3.8,106,110,154,90,199.0,20.28,130.28,174.28,110.28,149.24,1
250,251,Celebi,100,100,0.6,100,100,100,100,5.0,0.5599999999999999,100.56,100.56,100.56,125.28000000000002,1
251,252,Treecko,45,35,0.5,40,65,55,70,5.0,0.55,65.55,55.55,70.55,62.275,0
252,253,Grovyle,65,45,0.9,50,85,65,95,21.6,2.25,87.25,67.25,97.25,82.625,0
253,254,Sceptile,110,75,1.7,70,145,85,145,52.2,5.390000000000001,150.39,90.39,150.39,129.945,0
254,255,Torchic,60,40,0.4,45,70,50,45,2.5,0.29,70.29,50.29,45.29,63.395,0
255,256,Combusken,85,60,0.9,60,85,60,55,19.5,2.04,87.04,62.04,57.04,85.02,0
256,257,Blaziken,160,80,1.9,80,130,80,100,52.0,5.39,135.39,85.39,105.39,134.195,0
257,258,Mudkip,70,50,0.4,50,50,50,40,7.6,0.8,50.8,50.8,40.8,65.9,0
258,259,Marshtomp,85,70,0.7,70,60,70,50,28.0,2.87,62.87,72.87,52.87,87.18499999999999,0
259,260,Swampert,150,110,1.5,100,95,110,70,81.9,8.34,103.34,118.34,78.34,138.92000000000002,0
260,261,Poochyena,55,35,0.5,35,30,30,35,13.6,1.41,31.41,31.41,36.41,47.955,0
261,262,Mightyena,90,70,1.0,70,60,60,70,37.0,3.8,63.8,63.8,73.8,91.4,0
262,263,Zigzagoon,30,41,0.4,38,30,41,60,17.5,1.7899999999999998,31.79,42.79,61.79,50.795,0
263,264,Linoone,70,61,0.5,78,50,61,100,32.5,3.3,53.3,64.3,103.3,90.55000000000001,0
264,265,Wurmple,45,35,0.3,45,20,30,20,3.6,0.39,20.39,30.39,20.39,42.94499999999999,0
265,266,Silcoon,35,55,0.6,50,25,25,15,10.0,1.06,26.06,26.06,16.06,46.029999999999994,0
266,267,Beautifly,70,50,1.0,60,100,50,65,28.4,2.94,102.94,52.94,67.94,81.97,0
267,268,Cascoon,35,55,0.7,50,25,25,15,11.5,1.22,26.22,26.22,16.22,46.11,0
268,269,Dustox,50,70,1.2,60,50,90,65,31.6,3.2800000000000002,53.28,93.28,68.28,80.63999999999999,0
269,270,Lotad,30,30,0.5,40,40,50,30,2.6,0.31,40.31,50.31,30.31,44.65500000000001,0
270,271,Lombre,50,50,1.2,60,60,70,50,32.5,3.37,63.37,73.37,53.37,71.185,0
271,272,Ludicolo,70,70,1.5,80,90,100,70,55.0,5.65,95.65,105.65,75.65,100.325,0
272,273,Seedot,40,50,0.5,40,30,30,30,4.0,0.45,30.45,30.45,30.45,47.725,0
273,274,Nuzleaf,70,40,1.0,70,60,40,60,28.0,2.9,62.9,42.9,62.9,73.45,0
274,275,Shiftry,100,60,1.3,90,90,60,80,59.6,6.09,96.09,66.09,86.09,104.045,0
275,276,Taillow,55,30,0.3,40,30,30,85,2.3,0.25999999999999995,30.26,30.26,85.26,57.379999999999995,0
276,277,Swellow,85,60,0.7,60,75,50,125,19.8,2.05,77.05,52.05,127.05,96.025,0
277,278,Wingull,30,30,0.6,40,55,30,85,9.5,1.01,56.01,31.01,86.01,55.254999999999995,0
278,279,Pelipper,50,100,1.2,60,95,70,65,28.0,2.92,97.92,72.92,67.92,91.71000000000001,0
279,280,Ralts,25,25,0.4,28,45,35,40,6.6,0.7,45.7,35.7,40.7,39.85,0
280,281,Kirlia,35,35,0.8,38,65,55,50,20.2,2.1,67.1,57.1,52.1,56.05,0
281,282,Gardevoir,85,65,1.6,68,165,135,100,48.4,5.0,170.0,140.0,105.0,122.0,0
282,283,Surskit,30,32,0.5,40,50,52,65,1.7,0.22000000000000003,50.22,52.22,65.22,53.90999999999999,0
283,284,Masquerain,60,62,0.8,70,100,82,80,3.6,0.44000000000000006,100.44,82.44,80.44,91.52,0
284,285,Shroomish,40,60,0.4,60,40,60,35,4.5,0.49000000000000005,40.49,60.49,35.49,62.245000000000005,0
285,286,Breloom,130,80,1.2,60,60,60,70,39.2,4.040000000000001,64.04,64.04,74.04,101.52,0
286,287,Slakoth,60,60,0.8,60,35,35,30,24.0,2.48,37.48,37.48,32.48,62.74000000000001,0
287,288,Vigoroth,80,80,1.4,80,55,55,90,46.5,4.79,59.79,59.79,94.79,96.895,0
288,289,Slaking,160,100,2.0,150,95,65,100,130.5,13.25,108.25,78.25,113.25,153.125,0
289,290,Nincada,45,90,0.5,31,30,30,40,5.5,0.6,30.6,30.6,40.6,58.8,0
290,291,Ninjask,90,45,0.8,61,50,50,160,12.0,1.28,51.28,51.28,161.28,96.63999999999999,0
291,292,Shedinja,90,45,0.8,1,30,30,40,1.2,0.2,30.2,30.2,40.2,51.1,0
292,293,Whismur,51,23,0.6,64,51,23,28,16.3,1.6900000000000002,52.69,24.69,29.69,52.045,0
293,294,Loudred,71,43,1.0,84,71,43,48,40.5,4.15,75.15,47.15,52.15,78.275,0
294,295,Exploud,91,63,1.5,104,91,73,68,84.0,8.55,99.55,81.55,76.55,106.975,0
295,296,Makuhita,60,30,1.0,72,20,30,25,86.4,8.74,28.740000000000002,38.74,33.74,57.370000000000005,0
296,297,Hariyama,120,60,2.3,144,40,60,50,253.8,25.610000000000003,65.61,85.61,75.61,118.80499999999999,0
297,298,Azurill,20,40,0.2,50,20,40,20,2.0,0.22000000000000003,20.22,40.22,20.22,40.61,0
298,299,Nosepass,45,135,1.0,30,45,90,30,97.0,9.8,54.8,99.8,39.8,83.65,0
299,300,Skitty,45,45,0.6,50,35,35,50,11.0,1.16,36.16,36.16,51.16,56.08,0
300,301,Delcatty,65,65,1.1,70,55,55,90,32.6,3.37,58.37,58.37,93.37,86.18499999999999,0
301,302,Sableye,85,125,0.5,50,85,115,20,11.0,1.15,86.15,116.15,21.15,99.575,0
302,303,Mawile,105,125,0.6,50,55,95,50,11.5,1.21,56.21,96.21,51.21,103.10500000000002,0
303,304,Aron,70,100,0.4,50,40,40,30,60.0,6.04,46.04,46.04,36.04,76.02,0
304,305,Lairon,90,140,0.9,60,50,50,40,120.0,12.09,62.09,62.09,52.09,101.545,0
305,306,Aggron,140,230,2.1,70,60,80,50,360.0,36.21,96.21000000000001,116.21000000000001,86.21000000000001,159.10500000000002,0
306,307,Meditite,40,55,0.6,30,40,55,60,11.2,1.18,41.18,56.18,61.18,58.089999999999996,0
307,308,Medicham,100,85,1.3,60,80,85,100,31.5,3.28,83.28,88.28,103.28,107.63999999999999,0
308,309,Electrike,45,40,0.6,40,65,40,65,15.2,1.5799999999999998,66.58,41.58,66.58,60.79,0
309,310,Manectric,75,80,1.5,70,135,80,135,40.2,4.17,139.17,84.17,139.17,117.585,0
310,311,Plusle,50,40,0.4,60,85,75,95,4.2,0.4600000000000001,85.46,75.46,95.46,80.72999999999999,0
311,312,Minun,40,50,0.4,60,75,85,95,4.2,0.4600000000000001,75.46,85.46,95.46,80.72999999999999,0
312,313,Volbeat,73,75,0.7,65,47,85,85,17.7,1.8399999999999999,48.84,86.84,86.84,90.97,0
313,314,Illumise,47,75,0.6,65,73,85,85,17.7,1.83,74.83,86.83,86.83,88.365,0
314,315,Roselia,60,45,0.3,50,100,80,65,2.0,0.22999999999999998,100.23,80.23,65.23,78.86500000000001,0
315,316,Gulpin,43,53,0.4,70,43,53,40,10.3,1.07,44.07,54.07,41.07,64.435,0
316,317,Swalot,73,83,1.7,100,73,83,55,80.0,8.17,81.17,91.17,63.17,102.48499999999999,0
317,318,Carvanha,90,20,0.8,45,65,20,65,20.8,2.16,67.16,22.16,67.16,65.58,0
318,319,Sharpedo,140,70,1.8,70,110,65,105,88.8,9.059999999999999,119.06,74.06,114.06,121.78000000000002,0
319,320,Wailmer,70,35,2.0,130,70,35,60,130.0,13.2,83.2,48.2,73.2,93.1,0
320,321,Wailord,90,45,14.5,170,90,45,60,398.0,41.25,131.25,86.25,101.25,129.125,0
321,322,Numel,60,40,0.7,60,65,45,35,24.0,2.4699999999999998,67.47,47.47,37.47,64.73499999999999,0
322,323,Camerupt,120,100,1.9,70,145,105,20,220.0,22.19,167.19,127.19,42.19,125.09499999999998,0
323,324,Torkoal,85,140,0.5,70,85,70,20,80.4,8.09,93.09,78.09,28.09,105.045,0
324,325,Spoink,25,35,0.7,60,70,80,60,30.6,3.13,73.13,83.13,63.13,66.065,0
325,326,Grumpig,45,65,0.9,80,90,110,80,71.5,7.24,97.24,117.24,87.24,97.12,0
326,327,Spinda,60,60,1.1,60,60,60,60,5.0,0.61,60.61,60.61,60.61,75.30499999999999,0
327,328,Trapinch,100,45,0.7,45,45,45,10,15.0,1.5699999999999998,46.57,46.57,11.57,63.785000000000004,0
328,329,Vibrava,70,50,1.1,50,50,50,70,15.3,1.6400000000000001,51.64,51.64,71.64,72.32000000000001,0
329,330,Flygon,100,80,2.0,80,80,80,100,82.0,8.4,88.4,88.4,108.4,113.2,0
330,331,Cacnea,85,40,0.4,50,85,40,35,51.3,5.17,90.17,45.17,40.17,72.08500000000001,0
331,332,Cacturne,115,60,1.3,70,115,60,55,77.4,7.87,122.87,67.87,62.87,102.43500000000002,0
332,333,Swablu,40,60,0.4,45,40,75,50,1.2,0.16,40.16,75.16,50.16,63.58,0
333,334,Altaria,110,110,1.1,75,110,105,80,20.6,2.1700000000000004,112.17,107.17,82.17,123.085,0
334,335,Zangoose,115,60,1.3,73,60,60,90,40.3,4.159999999999999,64.16,64.16,94.16,100.08,0
335,336,Seviper,100,60,2.7,73,100,60,65,52.5,5.5200000000000005,105.52,65.52,70.52,98.00999999999999,0
336,337,Lunatone,55,65,1.0,90,95,85,70,168.0,16.9,111.9,101.9,86.9,101.95,0
337,338,Solrock,95,85,1.2,90,55,65,70,154.0,15.52,70.52,80.52,85.52,107.25999999999999,0
338,339,Barboach,48,43,0.4,50,46,41,60,1.9,0.22999999999999998,46.23,41.23,60.23,60.415000000000006,0
339,340,Whiscash,78,73,0.9,110,76,71,60,23.6,2.45,78.45,73.45,62.45,100.52499999999999,0
340,341,Corphish,80,65,0.6,43,50,35,35,11.5,1.21,51.21,36.21,36.21,67.355,0
341,342,Crawdaunt,120,85,1.1,63,90,55,55,32.8,3.3899999999999997,93.39,58.39,58.39,101.44500000000001,0
342,343,Baltoy,40,55,0.5,40,40,70,55,21.5,2.2,42.2,72.2,57.2,62.35,0
343,344,Claydol,70,105,1.5,60,70,120,75,108.0,10.95,80.95,130.95,85.95,107.725,0
344,345,Lileep,41,77,1.0,66,61,87,23,23.8,2.48,63.48,89.48,25.48,74.04,0
345,346,Cradily,81,97,1.5,86,81,107,43,60.4,6.1899999999999995,87.19,113.19,49.19,105.89499999999998,0
346,347,Anorith,95,50,0.7,45,40,50,75,12.5,1.3199999999999998,41.32,51.32,76.32,76.66,0
347,348,Armaldo,125,100,1.5,75,70,80,45,68.2,6.970000000000001,76.97,86.97,51.97,109.98500000000001,0
348,349,Feebas,15,20,0.6,20,10,55,80,7.4,0.8,10.8,55.8,80.8,39.9,0
349,350,Milotic,60,79,6.2,95,100,125,81,162.0,16.82,116.82,141.82,97.82,116.85999999999999,0
350,351,Castform,70,70,0.3,70,70,70,70,0.8,0.11000000000000001,70.11,70.11,70.11,87.55499999999999,0
351,352,Kecleon,90,70,1.0,60,60,120,40,22.0,2.3,62.3,122.3,42.3,91.15,0
352,353,Shuppet,75,35,0.6,44,63,33,45,2.3,0.29,63.29,33.29,45.29,62.045,0
353,354,Banette,165,75,1.1,64,93,83,75,12.5,1.3599999999999999,94.36,84.36,76.36,118.08,0
354,355,Duskull,40,90,0.8,20,30,90,25,15.0,1.58,31.58,91.58,26.58,61.29,0
355,356,Dusclops,70,130,1.6,40,60,130,25,30.6,3.22,63.22,133.22,28.22,95.11000000000001,0
356,357,Tropius,68,83,2.0,99,72,87,51,100.0,10.2,82.2,97.2,61.2,101.64999999999999,0
357,358,Chimecho,50,80,0.6,75,95,90,65,1.0,0.16,95.16,90.16,65.16,92.08,0
358,359,Absol,150,60,1.2,65,115,60,115,47.0,4.82,119.82,64.82,119.82,120.41,0
359,360,Wynaut,23,48,0.6,95,23,48,23,14.0,1.46,24.46,49.46,24.46,57.48,0
360,361,Snorunt,50,50,0.7,50,50,50,50,16.8,1.75,51.75,51.75,51.75,63.375,0
361,362,Glalie,120,80,1.5,80,120,80,100,256.5,25.8,145.8,105.8,125.8,132.9,0
362,363,Spheal,40,50,0.8,70,55,50,25,39.5,4.029999999999999,59.03,54.03,29.03,62.76500000000001,0
363,364,Sealeo,60,70,1.1,90,75,70,45,87.6,8.87,83.87,78.87,53.87,90.18500000000002,0
364,365,Walrein,80,90,1.4,110,95,90,65,150.6,15.2,110.2,105.2,80.2,118.35,0
365,366,Clamperl,64,85,0.4,35,74,55,32,52.5,5.29,79.29,60.29,37.29,74.395,0
366,367,Huntail,104,105,1.7,55,94,75,52,27.0,2.87,96.87,77.87,54.87,103.18500000000002,0
367,368,Gorebyss,84,105,1.8,55,114,75,52,22.6,2.4400000000000004,116.44,77.44,54.44,100.97,0
368,369,Relicanth,90,130,1.0,100,45,65,55,23.4,2.44,47.44,67.44,57.44,108.71999999999998,0
369,370,Luvdisc,30,55,0.6,43,40,65,97,8.7,0.9299999999999999,40.93,65.93,97.93,67.615,0
370,371,Bagon,75,60,0.6,45,40,30,50,42.1,4.2700000000000005,44.27,34.27,54.27,67.63499999999999,0
371,372,Shelgon,95,100,1.1,65,60,50,50,110.5,11.16,71.16,61.16,61.16,97.08,0
372,373,Salamence,145,130,1.5,95,120,90,120,102.6,10.41,130.41,100.41,130.41,153.20499999999998,0
373,374,Beldum,55,80,0.6,40,35,60,30,95.2,9.58,44.58,69.58,39.58,68.78999999999999,0
374,375,Metang,75,100,1.2,60,55,80,50,202.5,20.369999999999997,75.37,100.37,70.37,99.18500000000002,0
375,376,Metagross,145,150,1.6,80,105,110,110,550.0,55.160000000000004,160.16,165.16,165.16,175.57999999999998,0
376,377,Regirock,100,200,1.7,80,50,100,50,230.0,23.169999999999998,73.17,123.17,73.17,139.085,1
377,378,Regice,50,100,1.8,80,100,200,50,175.0,17.68,117.68,217.68,67.68,121.34,1
378,379,Registeel,75,150,1.9,80,75,150,50,205.0,20.69,95.69,170.69,70.69,130.34499999999997,1
379,380,Latias,100,120,1.4,80,140,150,110,40.0,4.14,144.14,154.14,114.14,142.57,1
380,381,Latios,130,100,2.0,80,160,120,110,60.0,6.2,166.2,126.2,116.2,144.6,1
381,382,Kyogre,150,90,4.5,100,180,160,90,352.0,35.65,215.65,195.65,125.65,171.825,1
382,383,Groudon,180,160,3.5,100,150,90,90,950.0,95.35,245.35,185.35,185.35,211.675,1
383,384,Rayquaza,180,100,7.0,105,180,100,115,206.5,21.35,201.35,121.35,136.35,171.925,1
384,385,Jirachi,100,100,0.3,100,100,100,100,1.1,0.14,100.14,100.14,100.14,125.07000000000001,1
385,386,Deoxys,95,90,1.7,50,95,90,180,60.8,6.25,101.25,96.25,186.25,125.625,1
386,387,Turtwig,68,64,0.4,55,45,55,31,10.2,1.06,46.06,56.06,32.06,68.48,0
387,388,Grotle,89,85,1.1,75,55,65,36,97.0,9.809999999999999,64.81,74.81,45.81,92.355,0
388,389,Torterra,109,105,2.2,95,75,85,56,310.0,31.22,106.22,116.22,87.22,128.06,0
389,390,Chimchar,58,44,0.5,44,58,44,61,6.2,0.67,58.67,44.67,61.67,64.33500000000001,0
390,391,Monferno,78,52,0.9,64,78,52,81,22.0,2.29,80.29,54.29,83.29,85.345,0
391,392,Infernape,104,71,1.2,76,104,71,108,55.0,5.62,109.62,76.62,113.62,113.41000000000001,0
392,393,Piplup,51,53,0.4,53,61,56,40,5.2,0.56,61.56,56.56,40.56,65.08000000000001,0
393,394,Prinplup,66,68,0.8,64,81,76,50,23.0,2.38,83.38,78.38,52.38,84.23999999999998,0
394,395,Empoleon,86,88,1.7,84,111,101,60,84.5,8.620000000000001,119.62,109.62,68.62,112.61000000000001,0
395,396,Starly,55,30,0.3,40,30,30,60,2.0,0.22999999999999998,30.23,30.23,60.23,52.36500000000001,0
396,397,Staravia,75,50,0.6,55,40,40,80,15.5,1.61,41.61,41.61,81.61,73.80499999999999,0
397,398,Staraptor,120,70,1.2,85,50,60,100,24.9,2.61,52.61,62.61,102.61,106.55499999999999,0
398,399,Bidoof,45,40,0.5,59,35,40,31,20.0,2.05,37.05,42.05,33.05,54.475,0
399,400,Bibarel,85,60,1.0,79,55,60,71,31.5,3.25,58.25,63.25,74.25,89.075,0
400,401,Kricketot,25,41,0.3,37,25,41,25,2.2,0.25,25.25,41.25,25.25,40.775,0
401,402,Kricketune,85,51,1.0,77,55,51,65,25.5,2.65,57.65,53.65,67.65,83.475,0
402,403,Shinx,65,34,0.5,45,40,34,45,9.5,1.0,41.0,35.0,46.0,56.6,0
403,404,Luxio,85,49,0.9,60,60,49,60,30.5,3.1399999999999997,63.14,52.14,63.14,78.42,0
404,405,Luxray,120,79,1.4,80,95,79,70,42.0,4.34,99.34,83.34,74.34,112.02000000000001,0
405,406,Budew,30,35,0.2,40,50,70,55,1.2,0.13999999999999999,50.14,70.14,55.14,55.32000000000001,0
406,407,Roserade,70,65,0.9,60,125,105,90,14.5,1.54,126.54,106.54,91.54,102.02,0
407,408,Cranidos,125,40,0.9,67,30,30,58,31.5,3.2399999999999998,33.24,33.24,61.24,80.22,0
408,409,Rampardos,165,60,1.6,97,65,50,58,102.5,10.41,75.41,60.41,68.41,114.55499999999999,0
409,410,Shieldon,42,118,0.5,30,42,88,30,57.0,5.75,47.75,93.75,35.75,75.875,0
410,411,Bastiodon,52,168,1.3,60,47,138,30,149.5,15.080000000000002,62.08,153.08,45.08,111.29,0
411,412,Burmy,29,45,0.2,40,29,45,36,3.4,0.36,29.36,45.36,36.36,46.980000000000004,0
412,413,Wormadam,69,95,0.5,60,69,95,36,6.5,0.7,69.7,95.7,36.7,88.14999999999999,0
413,414,Mothim,94,50,0.9,70,94,50,66,23.3,2.42,96.42,52.42,68.42,89.51,0
414,415,Combee,30,42,0.3,30,30,42,70,5.5,0.58,30.58,42.58,70.58,50.589999999999996,0
415,416,Vespiquen,80,102,1.2,70,80,102,40,38.5,3.97,83.97,105.97,43.97,100.28500000000001,0
416,417,Pachirisu,45,70,0.4,60,45,90,95,3.9,0.43,45.43,90.43,95.43,83.215,0
417,418,Buizel,65,35,0.7,55,60,30,85,29.5,3.02,63.02,33.02,88.02,70.75999999999999,0
418,419,Floatzel,105,55,1.1,85,85,50,115,33.5,3.46,88.46,53.46,118.46,106.23000000000002,0
419,420,Cherubi,35,45,0.4,45,62,53,35,3.3,0.37,62.37,53.37,35.37,55.685,0
420,421,Cherrim,60,70,0.5,70,87,78,85,9.3,0.9800000000000001,87.98,78.98,85.98,92.24000000000001,0
421,422,Shellos,48,48,0.3,76,57,62,34,6.3,0.6599999999999999,57.66,62.66,34.66,67.97999999999999,0
422,423,Gastrodon,83,68,0.9,111,92,82,39,29.9,3.0799999999999996,95.08,85.08,42.08,100.94,0
423,424,Ambipom,100,66,1.2,75,60,66,115,20.3,2.15,62.15,68.15,117.15,103.225,0
424,425,Drifloon,50,34,0.4,90,60,44,70,1.2,0.16,60.16,44.16,70.16,73.17999999999999,0
425,426,Drifblim,80,44,1.2,150,90,54,80,15.0,1.6199999999999999,91.62,55.62,81.62,106.91,0
426,427,Buneary,66,44,0.4,55,44,56,85,5.5,0.5900000000000001,44.59,56.59,85.59,73.545,0
427,428,Lopunny,136,94,1.2,65,54,96,135,33.3,3.45,57.45,99.45,138.45,124.975,0
428,429,Mismagius,60,60,0.9,60,105,105,105,4.4,0.53,105.53,105.53,105.53,97.76500000000001,0
429,430,Honchkrow,125,52,0.9,100,105,52,71,27.3,2.82,107.82,54.82,73.82,108.41,0
430,431,Glameow,55,42,0.5,49,42,37,85,3.9,0.44000000000000006,42.44,37.44,85.44,65.57,0
431,432,Purugly,82,64,1.0,71,64,59,112,43.8,4.4799999999999995,68.48,63.48,116.48,97.34,0
432,433,Chingling,30,50,0.2,45,65,50,45,0.6,0.08,65.08,50.08,45.08,57.54,0
433,434,Stunky,63,47,0.4,63,41,41,74,19.2,1.9599999999999997,42.96,42.96,75.96,71.33,0
434,435,Skuntank,93,67,1.0,103,71,61,84,38.0,3.9,74.9,64.9,87.9,104.3,0
435,436,Bronzor,24,86,0.5,57,24,86,23,60.5,6.1,30.1,92.1,29.1,65.9,0
436,437,Bronzong,89,116,1.3,67,79,116,33,187.0,18.830000000000002,97.83,134.83,51.83,113.26500000000001,0
437,438,Bonsly,80,95,0.5,50,10,45,10,15.0,1.55,11.55,46.55,11.55,67.275,0
438,439,Mime Jr.,25,45,0.6,20,70,90,60,13.0,1.3599999999999999,71.36,91.36,61.36,59.17999999999999,0
439,440,Happiny,5,5,0.6,100,15,65,30,24.4,2.5,17.5,67.5,32.5,46.75,0
440,441,Chatot,65,45,0.5,76,92,42,91,1.9,0.24,92.24,42.24,91.24,84.92,0
441,442,Spiritomb,92,108,1.0,50,92,108,35,108.0,10.9,102.9,118.9,45.9,104.95,0
442,443,Gible,70,45,0.7,58,40,45,42,20.5,2.12,42.12,47.12,44.12,65.46000000000001,0
443,444,Gabite,90,65,1.4,68,50,55,82,56.0,5.74,55.74,60.74,87.74,90.77000000000001,0
444,445,Garchomp,170,115,1.9,108,120,95,92,95.0,9.690000000000001,129.69,104.69,101.69,153.74500000000003,0
445,446,Munchlax,85,40,0.6,135,40,85,5,105.0,10.559999999999999,50.56,95.56,15.559999999999999,90.03,0
446,447,Riolu,70,40,0.7,40,35,40,60,20.2,2.09,37.09,42.09,62.09,61.795,0
447,448,Lucario,145,88,1.2,70,140,70,112,54.0,5.5200000000000005,145.52,75.52,117.52,132.41,0
448,449,Hippopotas,72,78,0.8,68,38,42,32,49.5,5.029999999999999,43.03,47.03,37.03,75.41499999999999,0
449,450,Hippowdon,112,118,2.0,108,68,72,47,300.0,30.2,98.2,102.2,77.2,130.0,0
450,451,Skorupi,50,90,0.8,40,30,55,65,12.0,1.28,31.28,56.28,66.28,71.39000000000001,0
451,452,Drapion,90,110,1.3,70,60,75,95,61.5,6.279999999999999,66.28,81.28,101.28,109.88999999999999,0
452,453,Croagunk,61,40,0.7,48,61,40,50,23.0,2.37,63.37,42.37,52.37,63.585,0
453,454,Toxicroak,106,65,1.3,83,86,65,85,44.4,4.569999999999999,90.57,69.57,89.57,105.43499999999999,0
454,455,Carnivine,100,72,1.4,74,90,72,46,27.0,2.84,92.84,74.84,48.84,96.42,0
455,456,Finneon,49,56,0.4,49,49,61,66,7.0,0.74,49.74,61.74,66.74,68.57000000000001,0
456,457,Lumineon,69,76,1.2,69,69,86,91,24.0,2.52,71.52,88.52,93.52,96.21,0
457,458,Mantyke,20,50,1.0,45,60,120,50,65.0,6.6,66.6,126.6,56.6,69.05,0
458,459,Snover,62,50,1.0,60,62,60,40,50.5,5.15,67.15,65.15,45.15,71.875,0
459,460,Abomasnow,132,105,2.2,90,132,105,30,135.5,13.77,145.77,118.77,43.769999999999996,130.185,0
460,461,Weavile,120,65,1.1,70,45,85,125,34.0,3.5100000000000002,48.51,88.51,128.51,110.005,0
461,462,Magnezone,70,115,1.2,70,130,90,60,180.0,18.119999999999997,148.12,108.12,78.12,117.81000000000002,0
462,463,Lickilicky,85,95,1.7,110,80,95,50,140.0,14.169999999999998,94.17,109.17,64.17,115.835,0
463,464,Rhyperior,140,130,2.4,115,55,55,40,282.8,28.52,83.52,83.52,68.52,135.01,0
464,465,Tangrowth,100,125,2.0,100,110,50,50,128.6,13.059999999999999,123.06,63.06,63.06,121.78000000000002,0
465,466,Electivire,123,67,1.8,75,95,85,95,138.6,14.040000000000001,109.04,99.04,109.04,119.26999999999998,0
466,467,Magmortar,95,67,1.6,75,125,95,83,68.0,6.959999999999999,131.96,101.96,89.96,112.33000000000001,0
467,468,Togekiss,50,95,1.5,85,120,115,80,38.0,3.95,123.95,118.95,83.95,110.725,0
468,469,Yanmega,76,86,1.9,86,116,56,95,51.5,5.34,121.34,61.34,100.34,109.47,0
469,470,Leafeon,110,130,1.0,65,60,65,95,25.5,2.65,62.65,67.65,97.65,115.325,0
470,471,Glaceon,60,110,0.8,65,130,95,65,25.9,2.67,132.67,97.67,67.67,106.835,0
471,472,Gliscor,95,125,2.0,75,45,75,95,42.5,4.45,49.45,79.45,99.45,112.975,0
472,473,Mamoswine,130,80,2.5,110,70,60,80,291.0,29.35,99.35,89.35,109.35,130.175,0
473,474,Porygon-Z,80,70,0.9,85,135,75,90,34.0,3.4899999999999998,138.49,78.49,93.49,109.995,0
474,475,Gallade,165,95,1.6,68,65,115,110,52.0,5.36,70.36,120.36,115.36,133.68,0
475,476,Probopass,55,145,1.4,60,75,150,40,340.0,34.14,109.14,184.14,74.14,123.82000000000001,0
476,477,Dusknoir,100,135,2.2,45,65,135,45,106.6,10.879999999999999,75.88,145.88,55.879999999999995,114.43999999999998,0
477,478,Froslass,80,70,1.3,70,80,70,110,26.6,2.79,82.79,72.79,112.79,100.895,0
478,479,Rotom,65,107,0.3,50,105,107,86,0.3,0.06,105.06,107.06,86.06,104.53000000000002,0
479,480,Uxie,75,130,0.3,75,75,130,95,0.3,0.06,75.06,130.06,95.06,119.78000000000002,1
480,481,Mesprit,105,105,0.3,80,105,105,80,0.3,0.06,105.06,105.06,80.06,120.03000000000002,1
481,482,Azelf,125,70,0.3,75,125,70,115,0.3,0.06,125.06,70.06,115.06,119.78000000000002,1
482,483,Dialga,120,120,5.4,100,150,100,90,683.0,68.84,218.84,168.84,158.84,174.92000000000002,1
483,484,Palkia,120,100,4.2,90,150,120,100,336.0,34.019999999999996,184.01999999999998,154.01999999999998,134.01999999999998,155.01,1
484,485,Heatran,90,106,1.7,91,130,106,77,430.0,43.17,173.17000000000002,149.17000000000002,120.17,144.135,1
485,486,Regigigas,160,110,3.7,110,80,110,100,420.0,42.37,122.37,152.37,142.37,164.685,1
486,487,Giratina,120,100,4.5,150,120,100,90,750.0,75.45,195.45,175.45,165.45,181.225,1
487,488,Cresselia,70,120,1.5,120,75,130,85,85.6,8.709999999999999,83.71,138.71,93.71,129.60500000000002,1
488,489,Phione,80,80,0.4,80,80,80,80,3.1,0.35,80.35,80.35,80.35,100.175,0
489,490,Manaphy,100,100,0.3,100,100,100,100,1.4,0.16999999999999998,100.17,100.17,100.17,125.085,1
490,491,Darkrai,90,90,1.5,70,135,90,125,50.5,5.2,140.2,95.2,130.2,123.85,1
491,492,Shaymin,103,75,0.2,100,120,75,127,2.1,0.23000000000000004,120.23,75.23,127.23,124.26500000000001,1
492,493,Arceus,120,120,3.2,120,120,120,120,320.0,32.32,152.32,152.32,152.32,166.16,1
493,494,Victini,100,100,0.4,100,100,100,100,4.0,0.44000000000000006,100.44,100.44,100.44,125.21999999999998,1
494,495,Snivy,45,55,0.6,45,45,55,63,8.1,0.8699999999999999,45.87,55.87,63.87,64.285,0
495,496,Servine,60,75,0.8,60,60,75,83,16.0,1.6800000000000002,61.68,76.68,84.68,86.44,0
496,497,Serperior,75,95,3.3,75,75,95,113,63.0,6.63,81.63,101.63,119.63,112.66499999999999,0
497,498,Tepig,63,45,0.5,65,45,45,45,9.9,1.04,46.04,46.04,46.04,66.27000000000001,0
498,499,Pignite,93,55,1.0,90,70,55,55,55.5,5.65,75.65,60.65,60.65,92.075,0
499,500,Emboar,123,65,1.6,110,100,65,65,150.0,15.16,115.16,80.16,80.16,119.83,0
500,501,Oshawott,55,45,0.5,55,63,45,45,5.9,0.64,63.64,45.64,45.64,64.27000000000001,0
501,502,Dewott,75,60,0.8,75,83,60,60,24.5,2.5300000000000002,85.53,62.53,62.53,87.215,0
502,503,Samurott,100,85,1.5,95,108,70,70,94.6,9.61,117.61,79.61,79.61,115.505,0
503,504,Patrat,55,39,0.5,45,35,39,42,11.6,1.21,36.21,40.21,43.21,54.855,0
504,505,Watchog,85,69,1.1,60,60,69,77,27.0,2.81,62.81,71.81,79.81,89.655,0
505,506,Lillipup,60,45,0.4,45,25,45,55,4.1,0.45,25.45,45.45,55.45,59.225,0
506,507,Herdier,80,65,0.9,65,35,65,60,14.7,1.56,36.56,66.56,61.56,80.28,0
507,508,Stoutland,110,90,1.2,85,45,90,80,61.0,6.220000000000001,51.22,96.22,86.22,110.61000000000001,0
508,509,Purrloin,50,37,0.4,41,50,37,66,10.1,1.05,51.05,38.05,67.05,58.775,0
509,510,Liepard,88,50,1.1,64,88,50,106,37.5,3.8600000000000003,91.86,53.86,109.86,94.33,0
510,511,Pansage,53,48,0.6,50,53,48,64,10.5,1.1099999999999999,54.11,49.11,65.11,66.255,0
511,512,Simisage,98,63,1.1,75,98,63,101,30.5,3.16,101.16,66.16,104.16,104.92999999999999,0
512,513,Pansear,53,48,0.6,50,53,48,64,11.0,1.16,54.16,49.16,65.16,66.28,0
513,514,Simisear,98,63,1.0,75,98,63,101,28.0,2.9,100.9,65.9,103.9,104.8,0
514,515,Panpour,53,48,0.6,50,53,48,64,13.5,1.41,54.41,49.41,65.41,66.405,0
515,516,Simipour,98,63,1.0,75,98,63,101,29.0,3.0,101.0,66.0,104.0,104.85,0
516,517,Munna,25,45,0.6,76,67,55,24,23.3,2.39,69.39,57.39,26.39,60.795,0
517,518,Musharna,55,85,1.1,116,107,95,29,60.5,6.16,113.16,101.16,35.16,103.17999999999999,0
518,519,Pidove,55,50,0.3,50,36,30,43,2.1,0.24,36.24,30.24,43.24,57.370000000000005,0
519,520,Tranquill,77,62,0.6,62,50,42,65,15.0,1.56,51.56,43.56,66.56,77.83000000000001,0
520,521,Unfezant,115,80,1.2,80,65,55,93,29.0,3.02,68.02,58.02,96.02,106.85999999999999,0
521,522,Blitzle,60,32,0.8,45,50,32,76,29.8,3.06,53.06,35.06,79.06,63.28000000000001,0
522,523,Zebstrika,100,63,1.6,75,80,63,116,79.5,8.11,88.11,71.11,124.11,108.205,0
523,524,Roggenrola,75,85,0.4,55,25,25,15,18.0,1.8399999999999999,26.84,26.84,16.84,65.16999999999999,0
524,525,Boldore,105,105,0.9,70,50,40,20,102.0,10.290000000000001,60.29,50.29,30.29,92.645,0
525,526,Gigalith,135,130,1.7,85,60,80,25,260.0,26.169999999999998,86.17,106.17,51.17,126.585,0
526,527,Woobat,45,43,0.4,65,55,43,72,2.1,0.25,55.25,43.25,72.25,67.475,0
527,528,Swoobat,57,55,0.9,67,77,55,114,10.5,1.1400000000000001,78.14,56.14,115.14,87.92,0
528,529,Drilbur,85,40,0.3,60,30,45,68,8.5,0.8800000000000001,30.88,45.88,68.88,71.53999999999999,0
529,530,Excadrill,135,60,0.7,110,50,65,88,40.4,4.11,54.11,69.11,92.11,113.155,0
530,531,Audino,60,126,1.1,103,80,126,50,31.0,3.21,83.21,129.21,53.21,114.75500000000002,0
531,532,Timburr,80,55,0.6,75,25,35,35,12.5,1.31,26.31,36.31,36.31,69.155,0
532,533,Gurdurr,105,85,1.2,85,40,50,40,40.0,4.12,44.12,54.12,44.12,92.30999999999999,0
533,534,Conkeldurr,140,95,1.4,105,55,65,45,87.0,8.84,63.84,73.84,53.84,116.42,0
534,535,Tympole,50,40,0.5,50,50,40,64,4.5,0.5,50.5,40.5,64.5,61.55,0
535,536,Palpitoad,65,55,0.8,75,65,55,69,17.0,1.78,66.78,56.78,70.78,81.43999999999998,0
536,537,Seismitoad,95,75,1.5,105,85,75,74,62.0,6.35,91.35,81.35,80.35,110.725,0
537,538,Throh,100,85,1.3,120,30,85,45,55.5,5.68,35.68,90.68,50.68,105.33999999999999,0
538,539,Sawk,125,75,1.4,75,30,75,85,51.0,5.24,35.24,80.24,90.24,104.12,0
539,540,Sewaddle,53,70,0.3,45,40,60,42,2.5,0.27999999999999997,40.28,60.28,42.28,65.54,0
540,541,Swadloon,63,90,0.5,55,50,80,42,7.3,0.78,50.78,80.78,42.78,80.28999999999999,0
541,542,Leavanny,103,80,1.2,75,70,80,92,20.5,2.17,72.17,82.17,94.17,106.48499999999999,0
542,543,Venipede,45,59,0.4,30,30,39,57,5.3,0.5700000000000001,30.57,39.57,57.57,55.535000000000004,0
543,544,Whirlipede,55,99,1.2,40,40,79,47,58.5,5.970000000000001,45.97,84.97,52.97,78.73500000000001,0
544,545,Scolipede,100,89,2.5,60,55,69,112,200.5,20.3,75.3,89.3,132.3,113.4,0
545,546,Cottonee,27,60,0.3,40,37,50,66,0.6,0.09,37.09,50.09,66.09,58.045,0
546,547,Whimsicott,67,85,0.7,60,77,75,116,6.6,0.73,77.73,75.73,116.73,99.36500000000001,0
547,548,Petilil,35,50,0.5,45,70,50,30,6.6,0.71,70.71,50.71,30.71,56.855,0
548,549,Lilligant,60,75,1.1,70,110,75,90,16.3,1.7400000000000002,111.74,76.74,91.74,97.87,0
549,550,Basculin,92,65,1.0,70,80,55,98,18.0,1.9,81.9,56.9,99.9,97.55,0
550,551,Sandile,72,35,0.7,50,35,35,65,15.2,1.5899999999999999,36.59,36.59,66.59,63.545,0
551,552,Krokorok,82,45,1.0,60,45,45,74,33.4,3.44,48.44,48.44,77.44,76.77,0
552,553,Krookodile,117,80,1.5,95,65,70,92,96.3,9.78,74.78,79.78,101.78,116.53999999999999,0
553,554,Darumaka,90,45,0.6,70,15,45,50,37.5,3.81,18.81,48.81,53.81,72.155,0
554,555,Darmanitan,30,105,1.3,105,140,105,55,92.9,9.42,149.42,114.42,64.42,112.46,0
555,556,Maractus,86,67,1.0,75,106,67,60,28.0,2.9,108.9,69.9,62.9,96.4,0
556,557,Dwebble,65,85,0.3,50,35,35,55,14.5,1.48,36.48,36.48,56.48,72.24000000000001,0
557,558,Crustle,105,125,1.4,70,65,75,45,200.0,20.14,85.14,95.14,65.14,115.07000000000001,0
558,559,Scraggy,75,70,0.6,50,35,70,48,11.8,1.24,36.24,71.24,49.24,74.72,0
559,560,Scrafty,90,115,1.1,65,45,115,58,30.0,3.1100000000000003,48.11,118.11,61.11,104.655,0
560,561,Sigilyph,58,80,1.4,72,103,80,97,14.0,1.54,104.54,81.54,98.54,100.11999999999999,0
561,562,Yamask,30,85,0.5,38,55,65,30,1.5,0.2,55.2,65.2,30.2,62.35,0
562,563,Cofagrigus,50,145,1.7,58,95,105,30,76.5,7.82,102.82,112.82,37.82,103.16000000000001,0
563,564,Tirtouga,78,103,0.7,54,53,45,22,16.5,1.72,54.72,46.72,23.72,78.71000000000001,0
564,565,Carracosta,108,133,1.2,74,83,65,32,81.0,8.22,91.22,73.22,40.22,111.46,0
565,566,Archen,112,45,0.5,55,74,45,70,9.5,1.0,75.0,46.0,71.0,85.35,0
566,567,Archeops,140,65,1.4,75,112,65,110,32.0,3.34,115.34,68.34,113.34,120.22,0
567,568,Trubbish,50,62,0.6,50,40,62,65,31.0,3.16,43.16,65.16,68.16,70.38,0
568,569,Garbodor,95,82,1.9,80,60,82,75,107.3,10.92,70.92,92.92,85.92,106.00999999999999,0
569,570,Zorua,65,40,0.7,40,80,40,65,12.5,1.3199999999999998,81.32,41.32,66.32,67.91,0
570,571,Zoroark,105,60,1.6,60,120,60,105,81.1,8.27,128.27,68.27,113.27,108.38499999999999,0
571,572,Minccino,50,40,0.4,55,40,40,75,5.8,0.62,40.62,40.62,75.62,63.56,0
572,573,Cinccino,95,60,0.5,75,65,60,115,7.5,0.8,65.8,60.8,115.8,99.65,0
573,574,Gothita,30,50,0.4,45,55,65,45,5.8,0.62,55.62,65.62,45.62,58.56,0
574,575,Gothorita,45,70,0.7,60,75,85,55,18.0,1.8699999999999999,76.87,86.87,56.87,79.68500000000002,0
575,576,Gothitelle,55,95,1.5,70,95,110,65,44.0,4.55,99.55,114.55,69.55,101.025,0
576,577,Solosis,30,40,0.3,45,105,50,20,1.0,0.13,105.13,50.13,20.13,56.065,0
577,578,Duosion,40,50,0.6,65,125,60,30,8.0,0.86,125.86,60.86,30.86,72.92999999999999,0
578,579,Reuniclus,65,75,1.0,110,125,85,30,20.1,2.1100000000000003,127.11,87.11,32.11,101.05499999999999,0
579,580,Ducklett,44,50,0.5,62,44,50,55,5.5,0.6,44.6,50.6,55.6,64.4,0
580,581,Swanna,87,63,1.3,75,87,63,98,24.2,2.55,89.55,65.55,100.55,99.62500000000001,0
581,582,Vanillite,50,50,0.4,36,65,60,44,5.7,0.6100000000000001,65.61,60.61,44.61,61.855,0
582,583,Vanillish,65,65,1.1,51,80,75,59,41.0,4.21,84.21,79.21,63.21,82.405,0
583,584,Vanilluxe,95,85,1.3,71,110,95,79,57.5,5.88,115.88,100.88,84.88,112.23999999999998,0
584,585,Deerling,60,50,0.6,60,40,50,75,19.5,2.0100000000000002,42.01,52.01,77.01,72.005,0
585,586,Sawsbuck,100,70,1.9,80,60,70,95,92.5,9.440000000000001,69.44,79.44,104.44,105.71999999999998,0
586,587,Emolga,75,60,0.4,55,75,60,103,5.0,0.54,75.54,60.54,103.54,88.61999999999999,0
587,588,Karrablast,75,45,0.5,50,40,45,60,5.9,0.64,40.64,45.64,60.64,67.57,0
588,589,Escavalier,135,105,1.0,70,60,105,20,33.0,3.4,63.4,108.4,23.4,107.95,0
589,590,Foongus,55,45,0.2,69,55,55,15,1.0,0.12,55.12,55.12,15.12,61.81,0
590,591,Amoonguss,85,70,0.6,114,85,80,30,10.5,1.1099999999999999,86.11,81.11,31.11,98.55499999999999,0
591,592,Frillish,40,50,1.2,55,65,85,40,33.0,3.4200000000000004,68.42,88.42,43.42,68.46000000000001,0
592,593,Jellicent,60,70,2.2,100,85,105,60,135.0,13.719999999999999,98.72,118.72,73.72,104.85999999999999,0
593,594,Alomomola,75,80,1.2,165,40,45,65,31.6,3.2800000000000002,43.28,48.28,68.28,107.38999999999999,0
594,595,Joltik,47,50,0.1,50,57,50,65,0.6,0.06999999999999999,57.07,50.07,65.07,65.83500000000001,0
595,596,Galvantula,77,60,0.8,70,97,60,108,14.3,1.5100000000000002,98.51,61.51,109.51,97.655,0
596,597,Ferroseed,50,91,0.6,44,24,86,10,18.8,1.9400000000000002,25.94,87.94,11.94,65.72,0
597,598,Ferrothorn,94,131,1.0,74,54,116,20,110.0,11.1,65.1,127.1,31.1,109.8,0
598,599,Klink,55,70,0.3,40,45,60,30,21.0,2.13,47.13,62.13,32.13,64.065,0
599,600,Klang,80,95,0.6,60,70,85,50,51.0,5.16,75.16,90.16,55.16,94.58,0
600,601,Klinklang,100,115,0.6,60,70,85,90,81.0,8.16,78.16,93.16,98.16,114.08,0
601,602,Tynamo,55,40,0.2,35,45,40,60,0.3,0.05,45.05,40.05,60.05,57.275,0
602,603,Eelektrik,85,70,1.2,65,75,70,40,22.0,2.32,77.32,72.32,42.32,85.91,0
603,604,Eelektross,115,80,2.1,85,105,80,50,80.5,8.26,113.26,88.26,58.26,111.88,0
604,605,Elgyem,55,55,0.5,55,85,55,30,9.0,0.95,85.95,55.95,30.95,68.725,0
605,606,Beheeyem,75,75,1.0,75,125,95,40,34.5,3.55,128.55,98.55,43.55,99.025,0
606,607,Litwick,30,55,0.3,50,65,55,20,3.1,0.33999999999999997,65.34,55.34,20.34,55.919999999999995,0
607,608,Lampent,40,60,0.6,60,95,60,55,13.0,1.3599999999999999,96.36,61.36,56.36,74.92999999999999,0
608,609,Chandelure,55,90,1.0,60,145,90,80,34.3,3.53,148.53,93.53,83.53,104.26500000000001,0
609,610,Axew,87,60,0.6,46,30,40,57,18.0,1.86,31.86,41.86,58.86,71.08,0
610,611,Fraxure,117,70,1.0,66,40,50,67,36.0,3.7,43.7,53.7,70.7,91.99999999999999,0
611,612,Haxorus,147,90,1.8,76,60,70,97,105.5,10.73,70.73,80.73,107.73,122.51500000000001,0
612,613,Cubchoo,70,40,0.5,55,60,40,40,8.5,0.9,60.9,40.9,40.9,64.7,0
613,614,Beartic,130,80,2.6,95,70,80,50,260.0,26.26,96.26,106.26,76.26,121.88,0
614,615,Cryogonal,50,50,1.1,80,95,135,105,148.0,14.91,109.91,149.91,119.91,107.955,0
615,616,Shelmet,40,85,0.4,50,40,65,25,7.7,0.8099999999999999,40.81,65.81,25.81,64.905,0
616,617,Accelgor,70,40,0.8,80,100,60,145,25.3,2.6100000000000003,102.61,62.61,147.61,101.80499999999999,0
617,618,Stunfisk,66,84,0.7,109,81,99,32,11.0,1.17,82.17,100.17,33.17,98.735,0
618,619,Mienfoo,85,50,0.9,45,55,50,65,20.0,2.09,57.09,52.09,67.09,74.795,0
619,620,Mienshao,125,60,1.4,65,95,60,105,35.5,3.69,98.69,63.69,108.69,108.59499999999998,0
620,621,Druddigon,120,90,1.6,77,60,90,48,139.0,14.059999999999999,74.06,104.06,62.06,110.88000000000002,0
621,622,Golett,74,50,1.0,59,35,50,35,92.0,9.3,44.3,59.3,44.3,70.15,0
622,623,Golurk,124,80,2.8,89,55,80,55,330.0,33.28,88.28,113.28,88.28,121.14000000000001,0
623,624,Pawniard,85,70,0.5,45,40,40,60,10.2,1.0699999999999998,41.07,41.07,61.07,74.535,0
624,625,Bisharp,125,100,1.6,65,60,70,70,70.0,7.159999999999999,67.16,77.16,77.16,109.58,0
625,626,Bouffalant,110,95,1.6,95,40,95,55,94.6,9.62,49.62,104.62,64.62,111.05999999999999,0
626,627,Rufflet,83,50,0.5,70,37,50,60,10.5,1.1,38.1,51.1,61.1,76.35,0
627,628,Braviary,123,75,1.5,100,57,75,80,41.0,4.25,61.25,79.25,84.25,112.425,0
628,629,Vullaby,55,75,0.5,70,45,65,60,9.0,0.95,45.95,65.95,60.95,78.975,0
629,630,Mandibuzz,65,105,1.2,110,55,95,80,39.5,4.07,59.07,99.07,84.07,110.535,0
630,631,Heatmor,97,66,1.4,85,105,66,65,58.0,5.9399999999999995,110.94,71.94,70.94,103.61999999999998,0
631,632,Durant,109,112,0.3,58,48,48,109,33.0,3.3299999999999996,51.33,51.33,112.33,107.61500000000001,0
632,633,Deino,65,50,0.8,52,45,50,38,17.3,1.81,46.81,51.81,39.81,64.50500000000001,0
633,634,Zweilous,85,70,1.4,72,65,70,58,50.0,5.14,70.14,75.14,63.14,91.17,0
634,635,Hydreigon,105,90,1.8,92,125,90,98,160.0,16.18,141.18,106.18,114.18,131.69,0
635,636,Larvesta,85,55,1.1,55,50,55,60,28.8,2.99,52.99,57.99,62.99,77.995,0
636,637,Volcarona,60,65,1.6,85,135,105,100,46.0,4.76,139.76,109.76,104.76,110.88,0
637,638,Cobalion,90,129,2.1,91,90,72,108,250.0,25.21,115.21000000000001,97.21000000000001,133.21,136.00500000000002,1
638,639,Terrakion,129,90,1.9,91,72,90,108,260.0,26.189999999999998,98.19,116.19,134.19,136.49499999999998,1
639,640,Virizion,90,72,2.0,91,90,129,108,200.0,20.2,110.2,149.2,128.2,127.8,1
640,641,Tornadus,100,80,1.5,79,110,90,121,63.0,6.45,116.45,96.45,127.45,122.175,1
641,642,Thundurus,105,70,1.5,79,145,80,101,61.0,6.25,151.25,86.25,107.25,120.575,1
642,643,Reshiram,120,100,3.2,100,150,120,90,330.0,33.32,183.32,153.32,123.32,155.16,1
643,644,Zekrom,150,120,2.9,100,120,100,90,345.0,34.79,154.79,134.79,124.78999999999999,160.89499999999998,1
644,645,Landorus,145,90,1.5,89,105,80,91,68.0,6.95,111.95,86.95,97.95,130.425,1
645,646,Kyurem,120,90,3.0,125,170,100,95,325.0,32.8,202.8,132.8,127.8,159.65,1
646,647,Keldeo,72,90,1.4,91,129,90,108,48.5,4.99,133.99,94.99,112.99,120.19500000000001,1
647,648,Meloetta,128,90,0.6,100,77,77,128,6.5,0.71,77.71,77.71,128.71,128.555,1
648,649,Genesect,120,95,1.5,71,120,95,99,82.5,8.4,128.4,103.4,107.4,127.75,1
649,650,Chespin,61,65,0.4,56,48,45,38,9.0,0.9400000000000001,48.94,45.94,38.94,67.52,0
650,651,Quilladin,78,95,0.7,61,56,58,57,29.0,2.9699999999999998,58.97,60.97,59.97,88.48500000000001,0
651,652,Chesnaught,107,122,1.6,88,74,75,64,90.0,9.16,83.16,84.16,73.16,118.97999999999999,0
652,653,Fennekin,45,40,0.4,40,62,60,60,9.4,0.9800000000000001,62.98,60.98,60.98,62.040000000000006,0
653,654,Braixen,59,58,1.0,59,90,70,73,14.5,1.55,91.55,71.55,74.55,83.37500000000001,0
654,655,Delphox,69,72,1.5,75,114,100,104,39.0,4.05,118.05,104.05,108.05,108.925,0
655,656,Froakie,56,40,0.3,41,62,44,71,7.0,0.73,62.73,44.73,71.73,64.715,0
656,657,Frogadier,63,52,0.6,54,83,56,97,10.9,1.15,84.15,57.15,98.15,83.075,0
657,658,Greninja,145,67,1.5,72,153,71,132,40.0,4.15,157.15,75.15,136.15,133.075,0
658,659,Bunnelby,36,38,0.4,38,32,36,57,5.0,0.54,32.54,36.54,57.54,49.87,0
659,660,Diggersby,56,77,1.0,85,50,77,78,42.4,4.34,54.34,81.34,82.34,91.32000000000001,0
660,661,Fletchling,50,43,0.3,45,40,38,62,1.7,0.2,40.2,38.2,62.2,58.7,0
661,662,Fletchinder,73,55,0.7,62,56,52,84,16.0,1.67,57.67,53.67,85.67,81.33500000000001,0
662,663,Talonflame,81,71,1.2,78,74,69,126,24.5,2.57,76.57,71.57,128.57,105.43499999999999,0
663,664,Scatterbug,35,40,0.3,38,27,25,35,2.5,0.27999999999999997,27.28,25.28,35.28,43.190000000000005,0
664,665,Spewpa,22,60,0.3,45,27,30,29,8.4,0.8700000000000001,27.87,30.87,29.87,46.535000000000004,0
665,666,Vivillon,52,50,1.2,80,90,50,89,17.0,1.8199999999999998,91.82,51.82,90.82,85.21000000000001,0
666,667,Litleo,50,58,0.6,62,73,54,72,13.5,1.41,74.41,55.41,73.41,76.655,0
667,668,Pyroar,68,72,1.5,86,109,66,106,81.5,8.3,117.3,74.3,114.3,108.1,0
668,669,Flabébé,38,39,0.1,44,61,79,42,0.1,0.02,61.02,79.02,42.02,59.65999999999999,0
669,670,Floette,65,67,0.2,74,125,128,92,0.9,0.11000000000000001,125.11,128.11,92.11,107.905,0
670,671,Florges,65,68,1.1,78,112,154,75,10.0,1.1099999999999999,113.11,155.11,76.11,108.205,0
671,672,Skiddo,65,48,0.9,66,62,57,52,31.0,3.19,65.19,60.19,55.19,74.595,0
672,673,Gogoat,100,62,1.7,123,97,81,68,91.0,9.27,106.27,90.27,77.27,116.18499999999999,0
673,674,Pancham,82,62,0.6,67,46,48,43,8.0,0.86,46.86,48.86,43.86,75.88,0
674,675,Pangoro,124,78,2.1,95,69,71,58,136.0,13.809999999999999,82.81,84.81,71.81,113.75500000000002,0
675,676,Furfrou,80,60,1.2,75,65,90,102,28.0,2.92,67.92,92.92,104.92,98.86,0
676,677,Espurr,48,54,0.3,62,63,60,68,3.5,0.38,63.38,60.38,68.38,73.24,0
677,678,Meowstic,48,76,0.6,74,83,81,104,8.5,0.9099999999999999,83.91,81.91,104.91,95.35499999999999,0
678,679,Honedge,80,100,0.8,45,35,37,28,2.0,0.27999999999999997,35.28,37.28,28.28,72.78999999999999,0
679,680,Doublade,110,150,0.8,59,45,49,35,4.5,0.53,45.53,49.53,35.53,101.11499999999998,0
680,681,Aegislash,150,50,1.7,60,150,50,60,53.0,5.470000000000001,155.47,55.47,65.47,109.73499999999999,0
681,682,Spritzee,52,60,0.2,78,63,65,23,0.5,0.06999999999999999,63.07,65.07,23.07,71.33500000000001,0
682,683,Aromatisse,72,72,0.8,101,99,89,29,15.5,1.6300000000000001,100.63,90.63,30.63,96.06499999999998,0
683,684,Swirlix,48,66,0.4,62,59,57,49,3.5,0.39,59.39,57.39,49.39,71.39500000000001,0
684,685,Slurpuff,80,86,0.8,82,85,75,72,5.0,0.58,85.58,75.58,72.58,100.69,0
685,686,Inkay,54,53,0.4,53,37,46,45,3.5,0.39,37.39,46.39,45.39,61.644999999999996,0
686,687,Malamar,92,88,1.5,86,68,75,73,47.0,4.85,72.85,79.85,77.85,104.975,0
687,688,Binacle,52,67,0.5,42,39,56,50,31.0,3.15,42.15,59.15,53.15,66.075,0
688,689,Barbaracle,105,115,1.3,72,54,86,68,96.0,9.73,63.730000000000004,95.73,77.73,112.465,0
689,690,Skrelp,60,60,0.5,50,60,60,30,7.3,0.78,60.78,60.78,30.78,66.88999999999999,0
690,691,Dragalge,75,90,1.8,65,97,123,44,81.5,8.33,105.33,131.33,52.33,103.465,0
691,692,Clauncher,53,62,0.5,50,58,63,44,8.3,0.8800000000000001,58.88,63.88,44.88,68.64,0
692,693,Clawitzer,73,88,1.3,71,120,89,59,35.3,3.6599999999999993,123.66,92.66,62.66,102.97999999999999,0
693,694,Helioptile,38,33,0.5,44,61,43,70,6.0,0.65,61.65,43.65,70.65,58.675,0
694,695,Heliolisk,55,52,1.0,62,109,94,109,21.0,2.2,111.2,96.2,111.2,95.6,0
695,696,Tyrunt,89,77,0.8,58,45,45,48,26.0,2.68,47.68,47.68,50.68,80.44,0
696,697,Tyrantrum,121,119,2.5,82,69,59,71,270.0,27.25,96.25,86.25,98.25,127.525,0
697,698,Amaura,59,50,1.3,77,67,63,46,25.2,2.65,69.65,65.65,48.65,76.525,0
698,699,Aurorus,77,72,2.7,123,99,92,58,225.0,22.77,121.77,114.77,80.77,119.63499999999999,0
699,700,Sylveon,65,65,1.0,95,110,130,60,23.5,2.45,112.45,132.45,62.45,105.475,0
700,701,Hawlucha,92,75,0.8,78,74,63,118,21.5,2.23,76.23,65.23,120.23,106.51500000000001,0
701,702,Dedenne,58,57,0.2,67,81,67,101,2.2,0.24000000000000005,81.24,67.24,101.24,88.02000000000001,0
702,703,Carbink,50,150,0.3,50,50,150,50,5.7,0.6,50.6,150.6,50.6,102.8,0
703,704,Goomy,50,35,0.3,45,55,75,40,2.8,0.30999999999999994,55.31,75.31,40.31,60.15500000000001,0
704,705,Sliggoo,75,53,0.8,68,83,113,60,17.5,1.83,84.83,114.83,61.83,91.315,0
705,706,Goodra,100,70,2.0,90,110,150,80,150.5,15.25,125.25,165.25,95.25,127.625,0
706,707,Klefki,80,91,0.2,57,80,87,75,3.0,0.32,80.32,87.32,75.32,97.21000000000001,0
707,708,Phantump,70,48,0.4,43,50,60,38,7.0,0.74,50.74,60.74,38.74,64.72,0
708,709,Trevenant,110,76,1.5,85,65,82,56,71.0,7.25,72.25,89.25,63.25,104.625,0
709,710,Pumpkaboo,66,70,0.8,59,44,55,41,15.0,1.58,45.58,56.58,42.58,72.59,0
710,711,Gourgeist,100,122,1.7,85,58,75,54,39.0,4.07,62.07,79.07,58.07,109.53500000000001,0
711,712,Bergmite,69,85,1.0,55,32,35,28,99.5,10.05,42.05,45.05,38.05,72.92500000000001,0
712,713,Avalugg,117,184,2.0,95,44,46,28,505.0,50.7,94.7,96.7,78.7,143.45,0
713,714,Noibat,30,35,0.5,40,45,40,55,8.0,0.85,45.85,40.85,55.85,50.425,0
714,715,Noivern,70,80,1.5,85,97,80,123,85.0,8.65,105.65,88.65,131.65,114.225,0
715,716,Xerneas,131,95,3.0,126,131,98,99,215.0,21.8,152.8,119.8,120.8,153.05,1
716,717,Yveltal,131,95,5.8,126,131,98,99,203.0,20.880000000000003,151.88,118.88,119.88,152.58999999999997,1
717,718,Zygarde,100,121,5.0,216,91,95,85,284.6,28.96,119.96000000000001,123.96000000000001,113.96000000000001,168.63000000000002,1
718,719,Diancie,160,110,0.7,50,160,110,110,8.8,0.95,160.95,110.95,110.95,142.975,1
719,720,Hoopa,160,60,0.7,80,170,130,80,8.8,0.95,170.95,130.95,80.95,136.475,1
720,721,Volcanion,110,120,1.7,80,130,90,70,195.0,19.669999999999998,149.67,109.67,89.67,134.33499999999998,1
721,722,Rowlet,55,55,0.3,68,50,50,42,1.5,0.18,50.18,50.18,42.18,67.99,0
722,723,Dartrix,75,75,0.7,78,70,70,52,16.0,1.67,71.67,71.67,53.67,89.235,0
723,724,Decidueye,107,75,1.6,78,100,100,70,36.6,3.8200000000000003,103.82,103.82,73.82,110.91,0
724,725,Litten,65,40,0.4,45,60,40,70,4.3,0.47000000000000003,60.47,40.47,70.47,66.73499999999999,0
725,726,Torracat,85,50,0.7,65,80,50,90,25.0,2.57,82.57,52.57,92.57,88.785,0
726,727,Incineroar,115,90,1.8,95,80,90,60,83.0,8.48,88.48,98.48,68.48,116.74000000000001,0
727,728,Popplio,54,54,0.4,50,66,56,40,7.5,0.79,66.79,56.79,40.79,66.19500000000001,0
728,729,Brionne,69,69,0.6,60,91,81,50,17.5,1.81,92.81,82.81,51.81,86.20500000000001,0
729,730,Primarina,74,74,1.8,80,126,116,60,44.0,4.58,130.58,120.58,64.58,107.59,0
730,731,Pikipek,75,30,0.3,35,30,30,65,1.2,0.15,30.15,30.15,65.15,57.075,0
731,732,Trumbeak,85,50,0.6,55,40,50,75,14.8,1.54,41.54,51.54,76.54,76.77,0
732,733,Toucannon,120,75,1.1,80,75,75,60,26.0,2.71,77.71,77.71,62.71,104.60500000000002,0
733,734,Yungoos,70,30,0.4,48,30,30,45,6.0,0.64,30.64,30.64,45.64,55.31999999999999,0
734,735,Gumshoos,110,60,0.7,88,55,60,45,14.2,1.4899999999999998,56.49,61.49,46.49,91.495,0
735,736,Grubbin,62,45,0.4,47,55,45,46,4.4,0.4800000000000001,55.48,45.48,46.48,62.94000000000001,0
736,737,Charjabug,82,95,0.5,57,55,75,36,10.5,1.1,56.1,76.1,37.1,85.75,0
737,738,Vikavolt,70,90,1.5,77,145,75,43,45.0,4.65,149.65,79.65,47.65,103.175,0
738,739,Crabrawler,82,57,0.6,47,42,47,63,7.0,0.76,42.76,47.76,63.76,72.83,0
739,740,Crabominable,132,77,1.7,97,62,67,43,180.0,18.169999999999998,80.17,85.17,61.17,113.535,0
740,741,Oricorio,70,70,0.6,75,98,70,93,3.4,0.4,98.4,70.4,93.4,97.75,0
741,742,Cutiefly,45,40,0.1,40,55,40,84,0.2,0.030000000000000006,55.03,40.03,84.03,62.31500000000001,0
742,743,Ribombee,55,60,0.2,60,95,70,124,0.5,0.06999999999999999,95.07,70.07,124.07,93.33500000000001,0
743,744,Rockruff,65,40,0.5,45,30,40,60,9.2,0.97,30.97,40.97,60.97,60.48499999999999,0
744,745,Lycanroc,115,75,0.5,85,55,75,82,9.2,0.97,55.97,75.97,82.97,105.13500000000002,0
745,746,Wishiwashi,140,130,0.2,45,140,135,30,0.3,0.05,140.05,135.05,30.05,126.025,0
746,747,Mareanie,53,62,0.4,50,43,52,45,8.0,0.8400000000000001,43.84,52.84,45.84,64.92,0
747,748,Toxapex,63,152,0.7,50,53,142,35,14.5,1.52,54.52,143.52,36.52,103.25999999999999,0
748,749,Mudbray,100,70,1.0,70,45,55,45,110.0,11.1,56.1,66.1,56.1,89.55,0
749,750,Mudsdale,125,100,2.5,100,55,85,35,920.0,92.25,147.25,177.25,127.25,155.375,0
750,751,Dewpider,40,52,0.3,38,40,72,27,4.0,0.43,40.43,72.43,27.43,54.915,0
751,752,Araquanid,70,92,1.8,68,50,132,42,82.0,8.379999999999999,58.379999999999995,140.38,50.379999999999995,97.38999999999999,0
752,753,Fomantis,55,35,0.3,40,50,35,35,1.5,0.18,50.18,35.18,35.18,52.339999999999996,0
753,754,Lurantis,105,90,0.9,70,80,90,45,18.5,1.94,81.94,91.94,46.94,101.72,0
754,755,Morelull,35,55,0.2,40,65,75,15,1.5,0.16999999999999998,65.17,75.17,15.17,56.585,0
755,756,Shiinotic,45,80,1.0,60,90,100,30,11.5,1.25,91.25,101.25,31.25,81.375,0
756,757,Salandit,44,40,0.6,48,71,40,77,4.8,0.5399999999999999,71.54,40.54,77.54,65.32000000000001,0
757,758,Salazzle,64,60,1.2,68,111,60,117,22.2,2.34,113.34,62.34,119.34,98.22,0
758,759,Stufful,75,50,0.5,70,45,50,50,6.8,0.73,45.73,50.73,50.73,73.36500000000001,0
759,760,Bewear,125,80,2.1,120,55,60,60,135.0,13.709999999999999,68.71,73.71,73.71,117.35500000000002,0
760,761,Bounsweet,30,38,0.3,42,30,38,32,3.2,0.35,30.35,38.35,32.35,44.27499999999999,0
761,762,Steenee,40,48,0.7,52,40,48,62,8.2,0.8899999999999999,40.89,48.89,62.89,61.044999999999995,0
762,763,Tsareena,120,98,1.2,72,50,98,72,21.4,2.26,52.26,100.26,74.26,110.22999999999999,0
763,764,Comfey,52,90,0.1,51,82,110,100,0.3,0.04,82.04,110.04,100.04,97.07,0
764,765,Oranguru,60,80,1.5,90,90,110,60,76.0,7.75,97.75,117.75,67.75,103.375,0
765,766,Passimian,120,90,2.0,100,40,60,80,82.8,8.48,48.480000000000004,68.48,88.48,112.74000000000001,0
766,767,Wimpod,35,40,0.5,25,20,30,80,12.0,1.25,21.25,31.25,81.25,49.125,0
767,768,Golisopod,125,140,2.0,75,60,90,40,108.0,11.0,71.0,101.0,51.0,121.0,0
768,769,Sandygast,55,80,0.5,55,70,45,15,70.0,7.05,77.05,52.05,22.05,71.275,0
769,770,Palossand,75,110,1.3,85,100,75,35,250.0,25.130000000000003,125.13,100.13,60.13,113.31499999999998,0
770,771,Pyukumuku,60,130,0.3,55,30,130,5,1.2,0.15,30.15,130.15,5.15,86.325,0
771,772,Type: Null,95,95,1.9,95,95,95,59,120.5,12.24,107.24,107.24,71.24,117.67,0
772,773,Silvally,95,95,2.3,95,95,95,95,100.5,10.28,105.28,105.28,105.28,123.89000000000001,0
773,774,Minior,100,60,0.3,60,100,60,120,40.0,4.029999999999999,104.03,64.03,124.03,105.01500000000001,0
774,775,Komala,115,65,0.4,65,75,95,65,19.9,2.03,77.03,97.03,67.03,100.76499999999999,0
775,776,Turtonator,78,135,2.0,60,91,85,36,212.0,21.4,112.4,106.4,57.4,112.55,0
776,777,Togedemaru,98,63,0.3,65,40,73,96,3.3,0.36,40.36,73.36,96.36,92.83,0
777,778,Mimikyu,90,80,0.2,55,50,105,96,0.7,0.09,50.09,105.09,96.09,98.745,0
778,779,Bruxish,105,70,0.9,68,70,70,92,19.0,1.9899999999999998,71.99,71.99,93.99,101.14500000000001,0
779,780,Drampa,60,85,3.0,78,135,91,36,185.0,18.8,153.8,109.8,54.8,106.25,0
780,781,Dhelmise,131,100,3.9,70,86,90,40,210.0,21.39,107.39,111.39,61.39,120.345,0
781,782,Jangmo-o,55,65,0.6,45,45,45,45,29.7,3.0300000000000002,48.03,48.03,48.03,65.26500000000001,0
782,783,Hakamo-o,75,90,1.2,55,65,70,65,47.0,4.82,69.82,74.82,69.82,90.66,0
783,784,Kommo-o,110,125,1.6,75,100,105,85,78.2,7.9799999999999995,107.98,112.98,92.98,129.24,0
784,785,Tapu Koko,115,85,1.8,70,95,75,130,20.5,2.23,97.23,77.23,132.23,120.11500000000001,1
785,786,Tapu Lele,85,75,1.2,70,130,115,95,18.6,1.98,131.98,116.98,96.98,114.24000000000001,1
786,787,Tapu Bulu,130,115,1.9,70,85,95,75,45.5,4.74,89.74,99.74,79.74,123.12,1
787,788,Tapu Fini,75,115,1.3,70,95,130,85,21.2,2.25,97.25,132.25,87.25,116.875,1
788,789,Cosmog,29,31,0.2,43,29,31,37,0.1,0.030000000000000006,29.03,31.03,37.03,42.165000000000006,1
789,790,Cosmoem,29,131,0.1,43,29,131,37,999.9,100.0,129.0,231.0,137.0,132.15,1
790,791,Solgaleo,137,107,3.4,137,113,89,97,230.0,23.34,136.34,112.34,120.34,156.62,1
791,792,Lunala,113,89,4.0,137,137,107,97,120.0,12.4,149.4,119.4,109.4,146.95,1
792,793,Nihilego,53,47,1.2,109,127,131,103,55.5,5.67,132.67,136.67,108.67,114.38499999999999,1
793,794,Buzzwole,139,139,2.4,107,53,53,79,333.6,33.6,86.6,86.6,112.6,144.75000000000003,1
794,795,Pheromosa,137,37,1.8,71,137,37,151,25.0,2.68,139.68,39.68,153.68,118.89000000000001,1
795,796,Xurkitree,89,71,3.8,83,173,71,83,100.0,10.379999999999999,183.38,81.38,93.38,119.13999999999999,1
796,797,Celesteela,101,103,9.2,97,107,101,61,999.9,100.91,207.91,201.91,161.91,169.105,1
797,798,Kartana,181,131,0.3,59,59,31,109,0.1,0.04,59.04,31.04,109.04,128.07,1
798,799,Guzzlord,101,53,5.5,223,97,53,43,888.0,89.35,186.35,142.35,132.35,170.02500000000003,1
799,800,Necrozma,107,101,2.4,97,127,89,79,230.0,23.240000000000002,150.24,112.24000000000001,102.24000000000001,136.07,1
800,801,Magearna,95,115,1.0,80,130,115,65,80.5,8.15,138.15,123.15,73.15,126.325,1
